ts,price,phase,q_hold,q_high,q_low,action_idx,action,entry,reason
2025-11-21T21:51:00.032476,156.791,0.0005,1254.118408203125,3337.81689453125,91.98408508300781,1,High,1,entry_executed
2025-11-21T21:51:01.712790,156.796,0.0285,1251.131591796875,3324.415771484375,97.95903015136719,1,High,0,cooldown
2025-11-21T21:51:02.608721,156.786,0.0435,1257.6258544921875,3352.11279296875,86.26298522949219,1,High,0,cooldown
2025-11-21T21:51:03.514433,156.786,0.0586,1257.2847900390625,3350.848876953125,86.74531555175781,1,High,0,cooldown
2025-11-21T21:51:04.437849,156.784,0.074,1258.36279296875,3355.079345703125,85.24870300292969,1,High,0,cooldown
2025-11-21T21:51:05.354168,156.785,0.0892,1257.4696044921875,3351.529541015625,86.56550598144531,1,High,0,cooldown
2025-11-21T21:51:06.251581,156.783,0.1042,1258.6600341796875,3356.068359375,84.99540710449219,1,High,0,cooldown
2025-11-21T21:51:07.176355,156.782,0.1196,1253.9598388671875,3335.654052734375,94.27876281738281,1,High,0,cooldown
2025-11-21T21:51:08.198473,156.781,0.1366,1258.22509765625,3354.31640625,85.86799621582031,1,High,0,cooldown
2025-11-21T21:51:09.183375,156.781,0.1531,1254.884033203125,3339.875732421875,92.464111328125,1,High,0,cooldown
2025-11-21T21:51:10.169249,156.78,0.1695,1260.2413330078125,3362.29931640625,82.83122253417969,1,High,0,cooldown
2025-11-21T21:51:11.070587,156.779,0.1845,1254.9666748046875,3339.984130859375,92.77043151855469,1,High,0,cooldown
2025-11-21T21:51:12.002782,156.78,0.2,1256.510986328125,3346.988525390625,89.33544921875,1,High,0,cooldown
2025-11-21T21:51:12.918467,156.78,0.2153,1256.461181640625,3346.830078125,89.43684387207031,0,Hold,0,hold
2025-11-21T21:51:13.831650,156.781,0.2305,1256.8841552734375,3348.56884765625,88.40071105957031,1,High,0,cooldown
2025-11-21T21:51:14.748600,156.78,0.2458,1260.623779296875,3363.9609375,82.1505126953125,1,High,0,cooldown
2025-11-21T21:51:15.717617,156.781,0.262,1256.0791015625,3345.32958984375,89.9849853515625,1,High,1,entry_executed
2025-11-21T21:51:17.383409,156.792,0.2897,1253.76904296875,3336.393310546875,92.46842956542969,1,High,0,cooldown
2025-11-21T21:51:18.308048,156.792,0.3051,1253.0770263671875,3333.3056640625,93.9129638671875,1,High,0,cooldown
2025-11-21T21:51:19.257049,156.792,0.321,1257.7232666015625,3351.8046875,86.25444030761719,1,High,0,cooldown
2025-11-21T21:51:20.183880,156.792,0.3364,1255.8682861328125,3345.05126953125,88.58915710449219,2,Low,0,insufficient_q_advantage
2025-11-21T21:51:21.269893,156.792,0.3545,1254.08056640625,3337.662109375,91.79496765136719,1,High,0,cooldown
2025-11-21T21:51:22.214376,156.805,0.3702,1257.9249267578125,3352.37158203125,85.80488586425781,1,High,0,cooldown
2025-11-21T21:51:23.147156,156.805,0.3858,1252.022705078125,3329.61376953125,94.58500671386719,1,High,0,cooldown
2025-11-21T21:51:24.082455,156.805,0.4014,1253.27880859375,3335.11376953125,92.1124267578125,1,High,0,cooldown
2025-11-21T21:51:25.062723,156.807,0.4177,1254.5936279296875,3340.33349609375,89.85087585449219,1,High,0,cooldown
2025-11-21T21:51:26.006140,156.804,0.4334,1249.7080078125,3318.4013671875,100.1248779296875,1,High,0,cooldown
2025-11-21T21:51:26.951131,156.804,0.4492,1253.04736328125,3334.072998046875,92.62956237792969,0,Hold,0,hold
2025-11-21T21:51:27.860883,156.803,0.4643,1253.28662109375,3335.00341796875,92.26847839355469,1,High,0,cooldown
2025-11-21T21:51:28.902493,156.808,0.4817,1252.5885009765625,3332.28369140625,93.14302062988281,1,High,0,cooldown
2025-11-21T21:51:29.844882,156.807,0.4974,1250.6973876953125,3323.499755859375,97.43400573730469,1,High,0,cooldown
2025-11-21T21:51:30.780867,156.807,0.513,1251.2333984375,3326.1015625,96.1239013671875,2,Low,0,insufficient_q_advantage
2025-11-21T21:51:31.714711,156.807,0.5286,1249.7249755859375,3318.78466796875,99.84626770019531,1,High,1,entry_executed
2025-11-21T21:51:33.298780,156.808,0.555,1252.151123046875,3330.40478515625,94.0750732421875,2,Low,0,insufficient_q_advantage
2025-11-21T21:51:34.290683,156.808,0.5715,1249.92919921875,3319.85986328125,99.20610046386719,1,High,0,cooldown
2025-11-21T21:51:35.252130,156.808,0.5875,1249.8038330078125,3319.224609375,99.47709655761719,1,High,0,cooldown
2025-11-21T21:51:36.168708,156.807,0.6028,1253.428955078125,3335.95849609375,91.66914367675781,1,High,0,cooldown
2025-11-21T21:51:37.074201,156.808,0.6179,1252.1259765625,3330.27587890625,94.11189270019531,1,High,0,cooldown
2025-11-21T21:51:38.033732,156.807,0.6339,1251.62158203125,3327.954345703125,95.34040832519531,1,High,0,cooldown
2025-11-21T21:51:39.037775,156.793,0.6506,1255.2186279296875,3342.368408203125,89.57548522949219,1,High,0,cooldown
2025-11-21T21:51:40.098057,156.796,0.6683,1253.5838623046875,3335.848876953125,92.26057434082031,1,High,0,cooldown
2025-11-21T21:51:41.061095,156.794,0.6844,1252.4097900390625,3330.44189453125,95.02278137207031,1,High,0,cooldown
2025-11-21T21:51:41.965788,156.794,0.6994,1255.1114501953125,3342.201904296875,89.57621765136719,1,High,0,cooldown
2025-11-21T21:51:42.950833,156.792,0.7158,1253.169189453125,3333.796630859375,93.69963073730469,1,High,0,cooldown
2025-11-21T21:51:43.990597,156.793,0.7332,1251.0501708984375,3323.80322265625,98.35746765136719,2,Low,0,insufficient_q_advantage
2025-11-21T21:51:45.027896,156.792,0.7505,1253.540771484375,3335.35693359375,92.869384765625,1,High,0,cooldown
2025-11-21T21:51:46.080012,156.795,0.768,1251.045166015625,3323.97265625,98.17948913574219,0,Hold,0,hold
2025-12-03T17:14:00.656001,155.696,0.0109,1732.1514892578125,5039.1572265625,-101.96060180664062,0,Hold,0,hold
2025-12-03T17:14:01.798247,155.696,0.03,1733.0068359375,5038.197265625,-99.373291015625,1,High,1,entry_executed
2025-12-03T17:14:03.761942,155.695,0.0627,1731.3255615234375,5040.6064453125,-104.87783813476562,1,High,0,cooldown
2025-12-03T17:14:04.694806,155.695,0.0782,1731.9962158203125,5039.775390625,-102.77993774414062,1,High,0,cooldown
2025-12-03T17:14:05.675206,155.696,0.0946,1731.045166015625,5040.80419921875,-105.62939453125,1,High,0,cooldown
2025-12-03T17:14:06.603142,155.696,0.1101,1732.1790771484375,5040.25146484375,-102.80020141601562,1,High,0,cooldown
2025-12-03T17:14:07.550044,155.696,0.1258,1731.3665771484375,5040.7744140625,-104.95541381835938,1,High,0,cooldown
2025-12-03T17:14:08.485925,155.695,0.1414,1731.57177734375,5039.53857421875,-103.471923828125,1,High,0,cooldown
2025-12-03T17:14:09.413430,155.695,0.1569,1730.67626953125,5041.4091796875,-106.85302734375,1,High,0,cooldown
2025-12-03T17:14:10.327801,155.695,0.1721,1730.1934814453125,5043.384765625,-109.49063110351562,0,Hold,0,hold
2025-12-03T17:14:11.236397,155.695,0.1873,1731.0052490234375,5041.07763671875,-105.94436645507812,1,High,0,cooldown
2025-12-03T17:14:12.161164,155.695,0.2027,1731.493408203125,5039.9267578125,-103.959228515625,2,Low,0,insufficient_q_advantage
2025-12-03T17:14:13.064933,155.695,0.2177,1732.072998046875,5039.3046875,-102.216064453125,1,High,0,cooldown
2025-12-03T17:14:13.967120,155.695,0.2328,1730.8466796875,5041.21875,-106.355712890625,1,High,0,cooldown
2025-12-03T17:14:14.940474,155.695,0.249,1730.685546875,5042.728515625,-107.904541015625,1,High,0,cooldown
2025-12-03T17:14:15.852307,155.695,0.2642,1732.3702392578125,5038.9873046875,-101.33389282226562,1,High,0,cooldown
2025-12-03T17:14:16.764249,155.695,0.2794,1730.8956298828125,5040.619140625,-105.78128051757812,1,High,0,cooldown
2025-12-03T17:14:17.683626,155.695,0.2947,1731.759521484375,5039.548828125,-103.085693359375,1,High,1,entry_executed
2025-12-03T17:14:19.393959,155.693,0.3232,1732.0302734375,5039.51025390625,-102.4700927734375,1,High,0,cooldown
2025-12-03T17:14:20.346022,155.693,0.3391,1730.890625,5040.54833984375,-105.70703125,2,Low,0,insufficient_q_advantage
2025-12-03T17:14:21.265778,155.693,0.3544,1731.628173828125,5040.08203125,-103.80078125,1,High,0,cooldown
2025-12-03T17:14:22.185616,155.693,0.3698,1730.534912109375,5041.9267578125,-107.527587890625,1,High,0,cooldown
2025-12-03T17:14:23.108857,155.693,0.3851,1730.4793701171875,5042.27978515625,-107.95217895507812,1,High,0,cooldown
2025-12-03T17:14:24.019994,155.693,0.4003,1730.2265625,5042.1708984375,-108.3785400390625,1,High,0,cooldown
2025-12-03T17:14:24.942364,155.693,0.4157,1732.7127685546875,5035.81103515625,-98.07730102539062,1,High,0,cooldown
2025-12-03T17:14:25.893449,155.693,0.4316,1731.1793212890625,5041.1103515625,-105.53775024414062,1,High,0,cooldown
2025-12-03T17:14:26.871060,155.693,0.4479,1731.3502197265625,5040.65966796875,-104.85464477539062,0,Hold,0,hold
2025-12-03T17:14:27.856533,155.693,0.4643,1731.9437255859375,5037.95947265625,-101.42300415039062,2,Low,0,insufficient_q_advantage
2025-12-03T17:14:28.880259,155.693,0.4813,1731.5582275390625,5039.61669921875,-103.53378295898438,1,High,0,cooldown
2025-12-03T17:14:29.867928,155.693,0.4978,1730.81298828125,5040.326171875,-105.68408203125,1,High,0,cooldown
2025-12-03T17:14:30.844167,155.693,0.5141,1730.8953857421875,5041.22119140625,-106.24496459960938,1,High,0,cooldown
2025-12-03T17:14:31.829285,155.693,0.5305,1730.686279296875,5041.68505859375,-107.0201416015625,2,Low,0,insufficient_q_advantage
2025-12-03T17:14:32.797897,155.693,0.5466,1730.630859375,5041.5244140625,-107.03173828125,1,High,1,entry_executed
2025-12-03T17:14:34.474726,155.693,0.5746,1731.622314453125,5039.37841796875,-103.23193359375,1,High,0,cooldown
2025-12-03T17:14:35.464393,155.693,0.5911,1731.5638427734375,5040.18896484375,-104.00796508789062,2,Low,0,insufficient_q_advantage
2025-12-03T17:14:36.443436,155.693,0.6074,1730.0767822265625,5043.69091796875,-109.96176147460938,1,High,0,cooldown
2025-12-03T17:14:37.387484,155.693,0.6231,1731.6326904296875,5039.53759765625,-103.33212280273438,1,High,0,cooldown
2025-12-03T17:14:38.339287,155.693,0.639,1730.6805419921875,5042.7265625,-107.90902709960938,1,High,0,cooldown
2025-12-03T17:14:39.276539,155.693,0.6546,1731.483642578125,5039.45703125,-103.5762939453125,1,High,0,cooldown
2025-12-03T17:14:40.197268,155.693,0.67,1731.9471435546875,5038.17138671875,-101.56405639648438,2,Low,0,insufficient_q_advantage
2025-12-03T17:14:41.112830,155.693,0.6852,1731.7669677734375,5039.8564453125,-103.30990600585938,0,Hold,0,hold
2025-12-03T17:14:42.040883,155.693,0.7007,1731.5819091796875,5038.93017578125,-102.94601440429688,1,High,0,cooldown
2025-12-03T17:14:42.964836,155.693,0.7161,1732.14013671875,5038.25830078125,-101.23486328125,2,Low,0,insufficient_q_advantage
2025-12-03T17:14:43.911650,155.693,0.7319,1730.7152099609375,5041.544921875,-106.86489868164062,0,Hold,0,hold
2025-12-03T17:14:44.839311,155.693,0.7473,1730.532958984375,5042.419921875,-107.9462890625,1,High,0,cooldown
2025-12-03T17:14:45.795675,155.693,0.7633,1732.00439453125,5039.6591796875,-102.666259765625,1,High,0,cooldown
2025-12-03T17:14:46.719106,155.693,0.7787,1730.1583251953125,5043.28369140625,-109.43008422851562,1,High,0,cooldown
2025-12-03T17:14:47.653116,155.693,0.7942,1731.923583984375,5039.0244140625,-102.33349609375,1,High,0,cooldown
2025-12-03T17:14:48.567714,155.693,0.8095,1731.35791015625,5039.99560546875,-104.27197265625,1,High,1,entry_executed
2025-12-03T17:14:50.348733,155.693,0.8391,1731.5335693359375,5040.3271484375,-104.17031860351562,1,High,0,cooldown
2025-12-03T17:14:51.256631,155.693,0.8543,1730.4896240234375,5042.80224609375,-108.34371948242188,1,High,0,cooldown
2025-12-03T17:14:52.181734,155.693,0.8697,1730.3944091796875,5043.0205078125,-108.72402954101562,1,High,0,cooldown
2025-12-03T17:14:53.122042,155.693,0.8854,1731.4771728515625,5040.18212890625,-104.19735717773438,1,High,0,cooldown
2025-12-03T17:14:54.146245,155.695,0.9024,1730.5665283203125,5042.92138671875,-108.33261108398438,2,Low,0,insufficient_q_advantage
2025-12-03T17:14:55.129417,155.694,0.9188,1731.8616943359375,5039.67236328125,-102.96908569335938,1,High,0,cooldown
2025-12-03T17:14:56.073427,155.694,0.9346,1730.459228515625,5041.69775390625,-107.515625,0,Hold,0,hold
2025-12-03T17:14:56.989664,155.694,0.9498,1732.200439453125,5038.482421875,-101.28271484375,1,High,0,cooldown
2025-12-03T17:14:57.912278,155.694,0.9652,1731.9608154296875,5039.16552734375,-102.34268188476562,1,High,0,cooldown
2025-12-03T17:14:58.845046,155.694,0.9808,1730.8143310546875,5041.759765625,-106.84414672851562,1,High,0,cooldown
2025-12-03T17:14:59.784588,155.695,0.9964,1731.2845458984375,5039.38623046875,-103.97109985351562,1,High,0,cooldown
2025-12-03T17:15:00.738343,155.695,0.0123,1732.5994873046875,5038.568359375,-100.56240844726562,1,High,0,cooldown
2025-12-03T17:15:01.738543,155.696,0.029,1731.0032958984375,5042.03515625,-106.74404907226562,1,High,0,cooldown
2025-12-03T17:15:02.699339,155.696,0.045,1731.610107421875,5040.0556640625,-103.850830078125,1,High,0,cooldown
2025-12-03T17:15:03.656976,155.693,0.0609,1730.91552734375,5041.77099609375,-106.6849365234375,1,High,1,entry_executed
2025-12-03T17:15:05.577959,155.693,0.093,1730.4266357421875,5042.55908203125,-108.31094360351562,1,High,0,cooldown
2025-12-03T17:15:06.610322,155.692,0.1102,1732.3824462890625,5037.126953125,-99.86050415039062,1,High,0,cooldown
2025-12-03T17:15:07.568854,155.692,0.1261,1730.6046142578125,5042.712890625,-108.07479858398438,2,Low,0,insufficient_q_advantage
2025-12-03T17:15:08.518504,155.692,0.142,1732.0635986328125,5037.84814453125,-101.13821411132812,1,High,0,cooldown
2025-12-03T17:15:09.498383,155.69,0.1583,1730.9354248046875,5039.97802734375,-105.17556762695312,1,High,0,cooldown
2025-12-03T17:15:10.528454,155.688,0.1755,1729.6488037109375,5040.70947265625,-108.48019409179688,1,High,0,cooldown
2025-12-03T17:15:11.535372,155.689,0.1923,1730.948974609375,5037.673828125,-103.372314453125,1,High,0,cooldown
2025-12-03T17:15:12.518478,155.689,0.2086,1730.5938720703125,5037.81689453125,-104.19442749023438,1,High,0,cooldown
2025-12-03T17:15:13.560237,155.69,0.226,1730.01123046875,5040.7841796875,-107.80029296875,1,High,0,cooldown
2025-12-03T17:15:14.555019,155.689,0.2426,1730.4052734375,5039.80419921875,-106.178466796875,1,High,0,cooldown
2025-12-03T17:15:15.548486,155.691,0.2591,1730.7911376953125,5040.07666015625,-105.62149047851562,0,Hold,0,hold
2025-12-03T17:15:16.508136,155.691,0.2751,1730.4134521484375,5039.35888671875,-105.82382202148438,1,High,0,cooldown
2025-12-03T17:15:17.517145,155.688,0.292,1730.5712890625,5038.103515625,-104.479248046875,1,High,0,cooldown
2025-12-03T17:15:18.520978,155.691,0.3087,1730.7291259765625,5039.8037109375,-105.54135131835938,1,High,0,cooldown
2025-12-03T17:15:19.533281,155.69,0.3256,1731.1146240234375,5038.74755859375,-103.88589477539062,1,High,1,entry_executed
2025-12-03T17:15:21.077188,155.693,0.3513,1731.6058349609375,5037.51904296875,-101.85806274414062,1,High,0,cooldown
2025-12-03T17:15:22.137505,155.693,0.369,1730.4935302734375,5040.17626953125,-106.30880737304688,1,High,0,cooldown
2025-12-03T17:15:23.139009,155.693,0.3857,1731.2979736328125,5039.7021484375,-104.29574584960938,1,High,0,cooldown
2025-12-03T17:15:24.117807,155.693,0.402,1731.6241455078125,5037.9716796875,-102.21371459960938,1,High,0,cooldown
2025-12-03T17:15:25.055196,155.694,0.4176,1730.6424560546875,5040.03271484375,-105.90420532226562,1,High,0,cooldown
2025-12-03T17:15:26.065850,155.694,0.4344,1730.5677490234375,5039.97314453125,-106.00967407226562,1,High,0,cooldown
2025-12-03T17:15:27.039107,155.694,0.4507,1730.9241943359375,5039.40771484375,-104.83963012695312,1,High,0,cooldown
2025-12-03T17:15:28.005299,155.694,0.4668,1731.936767578125,5037.478515625,-101.128662109375,1,High,0,cooldown
2025-12-03T17:15:28.983678,155.694,0.4831,1730.2869873046875,5041.84765625,-108.09732055664062,1,High,0,cooldown
2025-12-03T17:15:29.972362,155.695,0.4995,1730.6385498046875,5040.97021484375,-106.71194458007812,1,High,0,cooldown
2025-12-03T17:15:30.917697,155.694,0.5153,1731.3067626953125,5038.47705078125,-103.28378295898438,2,Low,0,insufficient_q_advantage
2025-12-03T17:15:31.875705,155.694,0.5313,1731.2464599609375,5038.462890625,-103.41030883789062,1,High,0,cooldown
2025-12-03T17:15:32.859246,155.694,0.5477,1730.66162109375,5039.9306640625,-105.8095703125,1,High,0,cooldown
2025-12-03T17:15:33.850776,155.695,0.5642,1730.9642333984375,5039.06787109375,-104.50723266601562,1,High,0,cooldown
2025-12-03T17:15:34.848964,155.694,0.5808,1731.958251953125,5037.51708984375,-101.135986328125,0,Hold,0,hold
2025-12-03T17:15:35.855945,155.694,0.5976,1730.8692626953125,5038.38330078125,-104.12924194335938,1,High,1,entry_executed
2025-12-03T17:15:37.741130,155.694,0.629,1731.30078125,5038.9111328125,-103.66259765625,1,High,0,cooldown
2025-12-03T17:15:38.779805,155.69,0.6463,1731.5775146484375,5036.57177734375,-101.18643188476562,1,High,0,cooldown
2025-12-03T17:15:39.746560,155.691,0.6624,1731.237548828125,5039.1318359375,-103.9517822265625,2,Low,0,insufficient_q_advantage
2025-12-03T17:15:40.751516,155.69,0.6792,1730.851806640625,5038.5908203125,-104.2874755859375,1,High,0,cooldown
2025-12-03T17:15:41.731399,155.69,0.6955,1730.0538330078125,5040.55029296875,-107.48312377929688,1,High,0,cooldown
2025-12-03T17:15:42.798512,155.69,0.7133,1730.9217529296875,5038.94970703125,-104.44363403320312,1,High,0,cooldown
2025-12-03T17:15:43.819039,155.694,0.7303,1731.714599609375,5038.72216796875,-102.6455078125,2,Low,0,insufficient_q_advantage
2025-12-03T17:15:44.836482,155.694,0.7473,1729.6776123046875,5042.7548828125,-110.18252563476562,1,High,0,cooldown
2025-12-03T17:15:45.889592,155.694,0.7648,1732.2137451171875,5036.892578125,-100.07321166992188,1,High,0,cooldown
2025-12-03T17:15:46.846705,155.694,0.7808,1732.4031982421875,5036.69677734375,-99.51852416992188,0,Hold,0,hold
2025-12-03T17:15:47.776678,155.694,0.7963,1730.201416015625,5040.322265625,-107.071044921875,1,High,0,cooldown
2025-12-03T17:15:48.712161,155.694,0.8119,1730.891845703125,5038.5390625,-104.1949462890625,0,Hold,0,hold
2025-12-03T17:15:49.660668,155.694,0.8277,1732.265625,5037.29736328125,-100.28759765625,1,High,0,cooldown
2025-12-03T17:15:50.676696,155.694,0.8446,1730.047119140625,5042.1220703125,-108.86865234375,1,High,0,cooldown
2025-12-03T17:15:51.642990,155.694,0.8607,1731.6533203125,5037.62646484375,-101.8662109375,1,High,1,entry_executed
2025-12-03T17:15:53.645326,155.694,0.8941,1731.967529296875,5037.966796875,-101.451904296875,2,Low,0,insufficient_q_advantage
2025-12-03T17:15:54.629831,155.694,0.9105,1730.625,5040.3603515625,-106.2203369140625,1,High,0,cooldown
2025-12-03T17:15:55.592490,155.694,0.9265,1731.3619384765625,5038.2529296875,-102.99063110351562,1,High,0,cooldown
2025-12-03T17:15:56.557153,155.694,0.9426,1730.5806884765625,5039.720703125,-105.79043579101562,1,High,0,cooldown
2025-12-03T17:15:57.577339,155.694,0.9596,1730.6317138671875,5040.7431640625,-106.50210571289062,1,High,0,cooldown
2025-12-03T17:15:58.612370,155.694,0.9769,1730.7947998046875,5039.06005859375,-104.83779907226562,1,High,0,cooldown
2025-12-03T17:15:59.584096,155.693,0.9931,1730.5125732421875,5039.29736328125,-105.56668090820312,1,High,0,cooldown
2025-12-03T17:16:00.574490,155.691,0.0096,1717.6407470703125,5009.0400390625,-97.77993774414062,0,Hold,0,hold
2025-12-03T17:16:01.557751,155.691,0.026,1718.8736572265625,5005.015625,-92.79647827148438,1,High,0,cooldown
2025-12-03T17:16:02.531019,155.69,0.0422,1717.7664794921875,5004.9091796875,-94.28573608398438,1,High,0,cooldown
2025-12-03T17:16:03.559626,155.69,0.0593,1717.8409423828125,5004.267578125,-93.67819213867188,1,High,0,cooldown
2025-12-03T17:16:04.541258,155.69,0.0757,1718.555419921875,5001.951171875,-90.813232421875,1,High,0,cooldown
2025-12-03T17:16:05.526444,155.69,0.0921,1716.554931640625,5007.2890625,-97.92041015625,1,High,0,cooldown
2025-12-03T17:16:06.497892,155.69,0.1083,1716.2393798828125,5008.02392578125,-98.88900756835938,1,High,0,cooldown
2025-12-03T17:16:07.517940,155.69,0.1253,1717.2408447265625,5006.02197265625,-95.99746704101562,1,High,1,entry_executed
2025-12-03T17:16:09.370115,155.689,0.1562,1719.4554443359375,4994.49951171875,-84.12686157226562,1,High,0,cooldown
2025-12-03T17:16:10.403008,155.688,0.1734,1716.8302001953125,5000.7666015625,-92.42636108398438,1,High,0,cooldown
2025-12-03T17:16:11.408485,155.689,0.1901,1714.8909912109375,5006.25244140625,-99.63003540039062,1,High,0,cooldown
2025-12-03T17:16:12.393215,155.69,0.2066,1716.356201171875,5003.76171875,-95.493896484375,1,High,0,cooldown
2025-12-03T17:16:13.392280,155.69,0.2232,1715.947021484375,5005.23681640625,-97.3509521484375,1,High,0,cooldown
2025-12-03T17:16:14.431561,155.691,0.2405,1719.5745849609375,4995.3876953125,-84.91775512695312,0,Hold,0,hold
2025-12-03T17:16:15.376124,155.69,0.2563,1717.6588134765625,5000.89453125,-91.47177124023438,1,High,0,cooldown
2025-12-03T17:16:16.368600,155.69,0.2728,1717.1156005859375,5001.6220703125,-92.74252319335938,1,High,0,cooldown
2025-12-03T17:16:17.393871,155.69,0.2899,1716.8956298828125,5002.95361328125,-94.09872436523438,1,High,0,cooldown
2025-12-03T17:16:18.408731,155.69,0.3068,1716.9874267578125,5002.89990234375,-93.98745727539062,0,Hold,0,hold
2025-12-03T17:16:19.432735,155.69,0.3239,1717.3106689453125,5001.79296875,-92.62197875976562,1,High,0,cooldown
2025-12-03T17:16:20.438988,155.69,0.3406,1717.392822265625,5001.48486328125,-92.263427734375,0,Hold,0,hold
2025-12-03T17:16:21.441000,155.69,0.3574,1717.2847900390625,5001.37451171875,-92.22354125976562,1,High,0,cooldown
2025-12-03T17:16:22.409163,155.69,0.3735,1716.2930908203125,5003.85498046875,-95.63467407226562,0,Hold,0,hold
2025-12-03T17:16:23.359346,155.692,0.3893,1717.6163330078125,5005.9453125,-95.60250854492188,1,High,1,entry_executed
2025-12-03T17:16:25.005600,155.693,0.4168,1716.212646484375,5011.7197265625,-101.936767578125,1,High,0,cooldown
2025-12-03T17:16:25.967847,155.704,0.4328,1720.9619140625,5042.21142578125,-116.92724609375,1,High,0,cooldown
2025-12-03T17:16:26.951042,155.703,0.4492,1723.36474609375,5033.6396484375,-106.75537109375,1,High,0,cooldown
2025-12-03T17:16:27.925830,155.704,0.4654,1722.7828369140625,5036.4111328125,-109.70236206054688,0,Hold,0,hold
2025-12-03T17:16:28.945177,155.704,0.4824,1721.3199462890625,5042.5595703125,-116.67489624023438,1,High,0,cooldown
2025-12-03T17:16:29.940665,155.704,0.499,1722.0301513671875,5040.03564453125,-113.63998413085938,0,Hold,0,hold
2025-12-03T17:16:30.907316,155.712,0.5151,1726.3922119140625,5043.9189453125,-110.69790649414062,2,Low,0,insufficient_q_advantage
2025-12-03T17:16:31.883435,155.707,0.5314,1724.4527587890625,5044.9345703125,-114.01089477539062,1,High,0,cooldown
2025-12-03T17:16:32.865924,155.707,0.5478,1725.0771484375,5045.66015625,-113.6217041015625,1,High,0,cooldown
2025-12-03T17:16:33.826498,155.707,0.5638,1724.6798095703125,5045.71142578125,-114.33535766601562,1,High,0,cooldown
2025-12-03T17:16:34.858971,155.707,0.581,1726.0313720703125,5041.64306640625,-108.73867797851562,1,High,0,cooldown
2025-12-03T17:16:35.817949,155.714,0.597,1728.643798828125,5038.0068359375,-102.5048828125,1,High,0,cooldown
2025-12-03T17:16:36.774102,155.714,0.6129,1727.261962890625,5041.88330078125,-108.0252685546875,1,High,0,cooldown
2025-12-03T17:16:37.759403,155.714,0.6293,1726.9180908203125,5044.2548828125,-110.41696166992188,2,Low,0,insufficient_q_advantage
2025-12-03T17:16:38.759360,155.714,0.646,1727.6148681640625,5040.29638671875,-106.19290161132812,2,Low,0,insufficient_q_advantage
2025-12-03T17:16:39.794672,155.714,0.6632,1727.1719970703125,5042.55126953125,-108.67837524414062,1,High,1,entry_executed
2025-12-03T17:16:41.821370,155.717,0.697,1729.1170654296875,5042.6376953125,-106.01113891601562,1,High,0,cooldown
2025-12-03T17:16:42.790162,155.718,0.7132,1729.3660888671875,5043.98193359375,-106.78536987304688,1,High,0,cooldown
2025-12-03T17:16:43.772916,155.719,0.7295,1729.874755859375,5046.046875,-107.7373046875,1,High,0,cooldown
2025-12-03T17:16:44.730181,155.717,0.7455,1728.9420166015625,5046.3076171875,-109.34817504882812,1,High,0,cooldown
2025-12-03T17:16:45.702772,155.72,0.7617,1731.4017333984375,5044.9404296875,-104.35507202148438,0,Hold,0,hold
2025-12-03T17:16:46.700083,155.719,0.7783,1729.81494140625,5046.8876953125,-108.624755859375,1,High,0,cooldown
2025-12-03T17:16:47.653368,155.719,0.7942,1730.1253662109375,5046.921875,-108.09506225585938,1,High,0,cooldown
2025-12-03T17:16:48.663099,155.719,0.8111,1730.955078125,5045.01220703125,-105.0966796875,1,High,0,cooldown
2025-12-03T17:16:49.590196,155.72,0.8265,1730.412841796875,5046.84716796875,-107.6646728515625,1,High,0,cooldown
2025-12-03T17:16:50.564348,155.718,0.8427,1730.426025390625,5045.45458984375,-106.257080078125,1,High,0,cooldown
2025-12-03T17:16:51.493148,155.718,0.8582,1729.5792236328125,5048.158203125,-109.93099975585938,1,High,0,cooldown
2025-12-03T17:16:52.460325,155.717,0.8743,1729.1580810546875,5048.001953125,-110.37606811523438,1,High,0,cooldown
2025-12-03T17:16:53.432151,155.717,0.8905,1730.255615234375,5044.857421875,-105.97119140625,1,High,0,cooldown
2025-12-03T17:16:54.430578,155.717,0.9072,1730.386962890625,5044.8603515625,-105.740478515625,2,Low,0,insufficient_q_advantage
2025-12-03T17:16:55.360766,155.717,0.9227,1729.871337890625,5046.12353515625,-107.6412353515625,0,Hold,0,hold
2025-12-03T17:16:56.360575,155.716,0.9393,1730.980712890625,5041.015625,-101.5341796875,1,High,1,entry_executed
2025-12-03T17:16:58.271525,155.715,0.9712,1729.5660400390625,5045.05517578125,-107.09640502929688,1,High,0,cooldown
2025-12-03T17:16:59.241225,155.714,0.9874,1728.847412109375,5044.958984375,-108.1639404296875,2,Low,0,insufficient_q_advantage
2025-12-03T17:17:00.199186,155.714,0.0033,1262.1732177734375,1705.5936279296875,2037.09130859375,2,Low,0,cooldown
2025-12-03T17:17:01.126240,155.715,0.0188,1259.702392578125,1693.07958984375,2044.88232421875,2,Low,0,cooldown
2025-12-03T17:17:02.070994,155.714,0.0345,1260.5899658203125,1705.156005859375,2033.67578125,2,Low,0,cooldown
2025-12-03T17:17:03.026510,155.713,0.0504,1263.341552734375,1720.50830078125,2023.8060302734375,2,Low,0,cooldown
2025-12-03T17:17:04.021406,155.713,0.067,1260.2576904296875,1715.7110595703125,2020.6998291015625,2,Low,0,cooldown
2025-12-03T17:17:05.018030,155.713,0.0836,1260.82373046875,1716.56494140625,2021.27294921875,2,Low,0,cooldown
2025-12-03T17:17:05.978807,155.713,0.0996,1260.984619140625,1716.941162109375,2021.3365478515625,0,Hold,0,hold
2025-12-03T17:17:06.945503,155.714,0.1158,1254.5595703125,1693.814453125,2029.110595703125,2,Low,0,cooldown
2025-12-03T17:17:07.902754,155.714,0.1317,1256.044677734375,1696.0645751953125,2030.625244140625,1,High,0,cooldown
2025-12-03T17:17:08.860655,155.714,0.1477,1258.40234375,1700.0225830078125,2032.823974609375,2,Low,0,cooldown
2025-12-03T17:17:09.869433,155.714,0.1645,1257.888916015625,1699.098876953125,2032.367431640625,2,Low,0,cooldown
2025-12-03T17:17:10.883647,155.714,0.1814,1259.7493896484375,1702.3626708984375,2034.0831298828125,0,Hold,0,hold
2025-12-03T17:17:11.803938,155.714,0.1967,1256.8555908203125,1697.6800537109375,2031.1673583984375,0,Hold,0,hold
2025-12-03T17:17:12.771945,155.714,0.2129,1260.2669677734375,1703.2540283203125,2034.5379638671875,2,Low,1,entry_executed
2025-12-03T17:17:14.614357,155.714,0.2436,1261.722412109375,1705.1190185546875,2036.4581298828125,2,Low,0,cooldown
2025-12-03T17:17:15.587200,155.714,0.2598,1261.04931640625,1704.3740234375,2035.46337890625,2,Low,0,cooldown
2025-12-03T17:17:16.549269,155.714,0.2758,1258.0848388671875,1699.511962890625,2032.4901123046875,2,Low,0,cooldown
2025-12-03T17:17:17.471821,155.714,0.2912,1256.7352294921875,1697.026611328125,2031.40869140625,2,Low,0,cooldown
2025-12-03T17:17:18.434880,155.714,0.3072,1256.279296875,1696.76513671875,2030.59619140625,2,Low,0,cooldown
2025-12-03T17:17:19.371365,155.714,0.3229,1263.7169189453125,1708.3897705078125,2038.3424072265625,2,Low,0,cooldown
2025-12-03T17:17:20.282078,155.71,0.338,1260.5068359375,1750.9090576171875,1982.7125244140625,1,High,0,cooldown
2025-12-03T17:17:21.190693,155.71,0.3532,1265.8275146484375,1760.1170654296875,1987.1104736328125,2,Low,0,cooldown
2025-12-03T17:17:22.127539,155.71,0.3688,1262.38037109375,1754.272216796875,1984.0845947265625,1,High,0,cooldown
2025-12-03T17:17:23.064822,155.71,0.3844,1265.5616455078125,1759.62646484375,1986.8935546875,2,Low,0,cooldown
2025-12-03T17:17:23.983615,155.711,0.3997,1262.340576171875,1740.561767578125,1998.38818359375,2,Low,0,cooldown
2025-12-03T17:17:24.966910,155.718,0.4161,1260.1549072265625,1661.740478515625,2080.859375,1,High,0,cooldown
2025-12-03T17:17:25.932682,155.718,0.4322,1249.38232421875,1645.554931640625,2069.498779296875,2,Low,0,cooldown
2025-12-03T17:17:26.876073,155.718,0.4479,1256.94921875,1657.3837890625,2077.270263671875,2,Low,0,cooldown
2025-12-03T17:17:27.854328,155.718,0.4642,1255.164794921875,1654.964599609375,2075.208984375,0,Hold,0,hold
2025-12-03T17:17:28.802087,155.719,0.48,1251.81396484375,1641.802978515625,2080.98095703125,0,Hold,0,hold
2025-12-03T17:17:29.739256,155.719,0.4957,1247.6068115234375,1637.6837158203125,2074.037841796875,2,Low,1,entry_executed
2025-12-03T17:17:31.575586,155.718,0.5263,1251.8575439453125,1651.3770751953125,2070.35107421875,2,Low,0,cooldown
2025-12-03T17:17:32.496808,155.718,0.5416,1256.449462890625,1657.5477294921875,2075.80224609375,2,Low,0,cooldown
2025-12-03T17:17:33.422987,155.719,0.557,1256.574951171875,1648.8238525390625,2086.1767578125,2,Low,0,cooldown
2025-12-03T17:17:34.343355,155.719,0.5724,1254.654541015625,1646.1328125,2083.99658203125,1,High,0,cooldown
2025-12-03T17:17:35.278635,155.719,0.588,1257.1287841796875,1649.405517578125,2086.936767578125,2,Low,0,cooldown
2025-12-03T17:17:36.218662,155.721,0.6036,1249.8321533203125,1628.36474609375,2091.4228515625,2,Low,0,cooldown
2025-12-03T17:17:37.133307,155.72,0.6189,1252.7008056640625,1638.377685546875,2087.531005859375,2,Low,0,cooldown
2025-12-03T17:17:38.078660,155.72,0.6346,1253.533203125,1638.9560546875,2089.06494140625,1,High,0,cooldown
2025-12-03T17:17:39.005280,155.72,0.6501,1253.779052734375,1639.706298828125,2089.049560546875,2,Low,0,cooldown
2025-12-03T17:17:39.965710,155.72,0.6661,1257.03076171875,1642.6829833984375,2094.160888671875,2,Low,0,cooldown
2025-12-03T17:17:40.878640,155.72,0.6813,1255.174560546875,1640.9344482421875,2091.3671875,0,Hold,0,hold
2025-12-03T17:17:41.806484,155.72,0.6968,1251.349853515625,1637.3629150390625,2085.010009765625,2,Low,0,cooldown
2025-12-03T17:17:42.761873,155.721,0.7127,1251.088134765625,1629.94677734375,2092.858154296875,2,Low,0,cooldown
2025-12-03T17:17:43.683877,155.721,0.7281,1261.309326171875,1638.143798828125,2109.203369140625,2,Low,0,cooldown
2025-12-03T17:17:44.607468,155.721,0.7435,1255.2901611328125,1633.8656005859375,2098.972900390625,2,Low,0,cooldown
2025-12-03T17:17:45.527566,155.721,0.7588,1249.9556884765625,1629.070068359375,2090.999755859375,0,Hold,0,hold
2025-12-03T17:17:46.440691,155.721,0.774,1252.3297119140625,1630.782470703125,2094.962646484375,2,Low,1,entry_executed
2025-12-03T17:17:48.139714,155.721,0.8023,1250.2535400390625,1629.3994140625,2091.369873046875,2,Low,0,cooldown
2025-12-03T17:17:49.099577,155.721,0.8183,1252.10986328125,1630.6983642578125,2094.53759765625,2,Low,0,cooldown
2025-12-03T17:17:50.084424,155.719,0.8347,1257.111083984375,1652.191162109375,2084.171630859375,2,Low,0,cooldown
2025-12-03T17:17:51.039478,155.719,0.8507,1259.1546630859375,1654.5594482421875,2086.6787109375,1,High,0,cooldown
2025-12-03T17:17:51.989351,155.719,0.8665,1256.911376953125,1652.5018310546875,2083.427978515625,2,Low,0,cooldown
2025-12-03T17:17:52.917414,155.719,0.882,1254.508544921875,1648.8948974609375,2080.836181640625,2,Low,0,cooldown
2025-12-03T17:17:53.834634,155.72,0.8972,1251.921875,1637.4093017578125,2086.392578125,2,Low,0,cooldown
2025-12-03T17:17:54.776552,155.72,0.9129,1254.5340576171875,1640.19091796875,2090.44384765625,2,Low,0,cooldown
2025-12-03T17:17:55.706715,155.72,0.9284,1254.556396484375,1639.9342041015625,2090.72314453125,1,High,0,cooldown
2025-12-03T17:17:56.658904,155.727,0.9443,1253.910888671875,1593.0394287109375,2138.969970703125,2,Low,0,cooldown
2025-12-03T17:17:57.639714,155.722,0.9607,1256.8067626953125,1637.320068359375,2099.61669921875,2,Low,0,cooldown
2025-12-03T17:17:58.640091,155.724,0.9773,1254.0675048828125,1618.708740234375,2113.07080078125,2,Low,0,cooldown
2025-12-03T17:17:59.592704,155.727,0.9932,1256.045654296875,1594.095458984375,2142.596435546875,0,Hold,0,hold
2025-12-03T17:18:00.546344,155.728,0.0091,1257.64990234375,1605.0301513671875,2138.88916015625,1,High,0,cooldown
2025-12-03T17:18:01.455652,155.729,0.0243,1254.5650634765625,1592.5682373046875,2145.87109375,2,Low,1,entry_executed
2025-12-03T17:18:02.880176,155.729,0.048,1254.6607666015625,1592.514892578125,2146.2060546875,2,Low,0,cooldown
2025-12-03T17:18:03.875123,155.729,0.0646,1258.5172119140625,1594.8289794921875,2152.608642578125,2,Low,0,cooldown
2025-12-03T17:18:04.811052,155.729,0.0802,1252.1558837890625,1591.52587890625,2141.272705078125,2,Low,0,cooldown
2025-12-03T17:18:05.755412,155.731,0.0959,1249.2177734375,1572.13623046875,2157.258544921875,2,Low,0,cooldown
2025-12-03T17:18:06.678105,155.731,0.1113,1250.533447265625,1571.725830078125,2160.822509765625,0,Hold,0,hold
2025-12-03T17:18:07.575386,155.731,0.1263,1248.866943359375,1572.32568359375,2156.24658203125,2,Low,0,cooldown
2025-12-03T17:18:08.467104,155.731,0.1411,1247.3673095703125,1572.98583984375,2151.8271484375,2,Low,0,cooldown
2025-12-03T17:18:09.395007,155.731,0.1566,1250.07177734375,1571.693115234375,2159.727294921875,1,High,0,cooldown
2025-12-03T17:18:10.316726,155.731,0.1719,1250.3134765625,1572.171875,2159.8671875,2,Low,0,cooldown
2025-12-03T17:18:11.269477,155.731,0.1878,1247.5537109375,1572.716064453125,2152.66748046875,2,Low,0,cooldown
2025-12-03T17:18:12.175649,155.731,0.2029,1246.478515625,1573.44482421875,2149.216552734375,2,Low,0,cooldown
2025-12-03T17:18:13.125867,155.731,0.2188,1249.021728515625,1572.5467529296875,2156.386962890625,2,Low,0,cooldown
2025-12-03T17:18:14.030901,155.731,0.2338,1248.4610595703125,1572.435546875,2155.2060546875,2,Low,0,cooldown
2025-12-03T17:18:14.964561,155.731,0.2494,1248.2464599609375,1572.72265625,2154.273193359375,2,Low,0,cooldown
2025-12-03T17:18:15.891346,155.731,0.2649,1249.7501220703125,1571.763671875,2158.949951171875,2,Low,0,cooldown
2025-12-03T17:18:16.791333,155.731,0.2799,1249.524169921875,1572.1248779296875,2157.98486328125,2,Low,1,entry_executed
2025-12-03T17:18:18.616065,155.731,0.3103,1249.059326171875,1571.894775390625,2157.164794921875,0,Hold,0,hold
2025-12-03T17:18:19.581127,155.731,0.3264,1250.69091796875,1572.053955078125,2160.778076171875,2,Low,0,cooldown
2025-12-03T17:18:20.513508,155.731,0.3419,1249.20068359375,1571.933349609375,2157.43798828125,1,High,0,cooldown
2025-12-03T17:18:21.416452,155.732,0.3569,1246.4571533203125,1563.1409912109375,2161.746826171875,2,Low,0,cooldown
2025-12-03T17:18:22.368352,155.731,0.3728,1250.2550048828125,1572.706298828125,2159.435546875,2,Low,0,cooldown
2025-12-03T17:18:23.281390,155.731,0.388,1253.126708984375,1573.33447265625,2165.16748046875,2,Low,0,cooldown
2025-12-03T17:18:24.219793,155.731,0.4037,1250.77783203125,1573.12060546875,2160.0791015625,2,Low,0,cooldown
2025-12-03T17:18:25.126665,155.731,0.4188,1248.8692626953125,1573.6109619140625,2155.074951171875,2,Low,0,cooldown
2025-12-03T17:18:26.034561,155.738,0.4339,1234.1021728515625,1528.87255859375,2181.8251953125,2,Low,0,cooldown
2025-12-03T17:18:26.968482,155.743,0.4495,1234.35693359375,1514.82666015625,2205.917236328125,2,Low,0,cooldown
2025-12-03T17:18:27.905616,155.742,0.4651,1235.438232421875,1519.9637451171875,2201.3564453125,1,High,0,cooldown
2025-12-03T17:18:28.868854,155.742,0.4811,1236.2481689453125,1520.986083984375,2202.24658203125,2,Low,0,cooldown
2025-12-03T17:18:29.852605,155.738,0.4975,1244.8861083984375,1545.455322265625,2190.195068359375,2,Low,0,cooldown
2025-12-03T17:18:30.801843,155.738,0.5134,1241.7730712890625,1543.3031005859375,2185.268310546875,2,Low,0,cooldown
2025-12-03T17:18:31.778125,155.738,0.5296,1247.780517578125,1547.905029296875,2194.2431640625,2,Low,0,cooldown
2025-12-03T17:18:32.758297,155.738,0.546,1242.130859375,1543.5322265625,2185.90576171875,2,Low,1,entry_executed
2025-12-03T17:18:34.467107,155.738,0.5745,1242.0477294921875,1543.5406494140625,2185.75390625,0,Hold,0,hold
2025-12-03T17:18:35.487449,155.738,0.5915,1244.990234375,1545.62841796875,2190.31298828125,2,Low,0,cooldown
2025-12-03T17:18:36.418585,155.737,0.607,1246.5955810546875,1552.2354736328125,2185.0966796875,1,High,0,cooldown
2025-12-03T17:18:37.333199,155.738,0.6222,1246.6300048828125,1547.0101318359375,2192.606689453125,2,Low,0,cooldown
2025-12-03T17:18:38.239498,155.738,0.6373,1237.9678955078125,1540.9686279296875,2178.7919921875,2,Low,0,cooldown
2025-12-03T17:18:39.148338,155.738,0.6525,1245.966796875,1546.5032958984375,2191.68115234375,2,Low,0,cooldown
2025-12-03T17:18:40.068518,155.738,0.6678,1239.0328369140625,1541.3538818359375,2181.015625,2,Low,0,cooldown
2025-12-03T17:18:41.015734,155.742,0.6836,1233.8922119140625,1519.3529052734375,2198.546630859375,2,Low,0,cooldown
2025-12-03T17:18:41.971589,155.738,0.6995,1243.143310546875,1544.2586669921875,2187.521240234375,0,Hold,0,hold
2025-12-03T17:18:42.875836,155.737,0.7146,1247.048583984375,1552.7674560546875,2185.643798828125,2,Low,0,cooldown
2025-12-03T17:18:43.783889,155.737,0.7297,1242.4676513671875,1549.430908203125,2178.563232421875,2,Low,0,cooldown
2025-12-03T17:18:44.685962,155.737,0.7448,1245.02978515625,1551.69482421875,2182.125244140625,2,Low,0,cooldown
2025-12-03T17:18:45.613133,155.736,0.7602,1247.8717041015625,1557.96240234375,2179.93994140625,2,Low,0,cooldown
2025-12-03T17:18:46.516708,155.737,0.7753,1245.2021484375,1551.4957275390625,2182.69921875,1,High,0,cooldown
2025-12-03T17:18:47.458331,155.737,0.791,1239.78564453125,1547.74072265625,2174.0302734375,2,Low,0,cooldown
2025-12-03T17:18:48.378227,155.738,0.8063,1243.18115234375,1544.29638671875,2187.59033203125,2,Low,1,entry_executed
2025-12-03T17:18:50.176383,155.742,0.8363,1240.719482421875,1524.95166015625,2208.14794921875,2,Low,0,cooldown
2025-12-03T17:18:51.079162,155.742,0.8513,1239.4212646484375,1523.6658935546875,2206.552734375,2,Low,0,cooldown
2025-12-03T17:18:52.013228,155.742,0.8669,1239.0872802734375,1523.4293212890625,2206.076904296875,2,Low,0,cooldown
2025-12-03T17:18:52.938826,155.742,0.8823,1240.7886962890625,1524.82177734375,2208.36865234375,2,Low,0,cooldown
2025-12-03T17:18:53.900262,155.742,0.8983,1238.6729736328125,1522.85986328125,2205.5703125,1,High,0,cooldown
2025-12-03T17:18:54.859875,155.742,0.9143,1239.015380859375,1523.2764892578125,2205.969970703125,2,Low,0,cooldown
2025-12-03T17:18:55.767997,155.742,0.9295,1238.132080078125,1522.7353515625,2204.741943359375,2,Low,0,cooldown
2025-12-03T17:18:56.689922,155.742,0.9448,1233.9747314453125,1519.10400390625,2198.90185546875,2,Low,0,cooldown
2025-12-03T17:18:57.617077,155.742,0.9603,1234.5849609375,1519.5035400390625,2199.89794921875,2,Low,0,cooldown
2025-12-03T17:18:58.533639,155.742,0.9756,1234.41845703125,1519.6107177734375,2199.4033203125,2,Low,0,cooldown
2025-12-03T17:18:59.476666,155.742,0.9913,1242.2703857421875,1526.1591796875,2210.401611328125,2,Low,0,cooldown
2025-12-03T17:19:00.401066,155.742,0.0067,1240.0255126953125,1528.950439453125,2205.8466796875,2,Low,0,cooldown
2025-12-03T17:19:01.317001,155.742,0.022,1239.150146484375,1528.3118896484375,2204.593505859375,2,Low,0,cooldown
2025-12-03T17:19:02.245446,155.74,0.0374,1240.94580078125,1541.4749755859375,2189.690673828125,1,High,0,cooldown
2025-12-03T17:19:03.143644,155.733,0.0524,1255.4459228515625,1602.9593505859375,2140.431640625,2,Low,0,cooldown
2025-12-03T17:19:04.062830,155.731,0.0677,1266.8990478515625,1633.4296875,2132.635986328125,2,Low,1,entry_executed
2025-12-03T17:19:06.013228,155.733,0.1002,1257.989013671875,1602.273681640625,2146.64111328125,2,Low,0,cooldown
2025-12-03T17:19:06.949886,155.733,0.1158,1257.945556640625,1602.387451171875,2146.454833984375,2,Low,0,cooldown
2025-12-03T17:19:07.860104,155.733,0.131,1257.253662109375,1602.072265625,2145.19677734375,2,Low,0,cooldown
2025-12-03T17:19:08.784431,155.733,0.1464,1258.4676513671875,1602.518310546875,2147.5224609375,2,Low,0,cooldown
2025-12-03T17:19:09.688048,155.733,0.1615,1255.6046142578125,1601.6790771484375,2141.62744140625,2,Low,0,cooldown
2025-12-03T17:19:10.640858,155.738,0.1773,1245.18505859375,1547.046630859375,2184.89013671875,1,High,0,cooldown
2025-12-03T17:19:11.609944,155.738,0.1935,1239.699462890625,1543.27685546875,2176.34912109375,2,Low,0,cooldown
2025-12-03T17:19:12.523632,155.738,0.2087,1241.9779052734375,1544.705078125,2180.12109375,1,High,0,cooldown
2025-12-03T17:19:13.429576,155.738,0.2238,1237.17333984375,1541.96044921875,2171.871826171875,2,Low,0,cooldown
2025-12-03T17:19:14.358159,155.739,0.2393,1242.3756103515625,1538.057373046875,2190.920654296875,2,Low,0,cooldown
2025-12-03T17:19:15.268334,155.739,0.2545,1239.2218017578125,1535.570556640625,2186.32373046875,2,Low,0,cooldown
2025-12-03T17:19:16.180589,155.739,0.2697,1233.6680908203125,1533.1865234375,2175.7021484375,2,Low,0,cooldown
2025-12-03T17:19:17.113639,155.739,0.2852,1238.464111328125,1535.0169677734375,2185.052734375,2,Low,0,cooldown
2025-12-03T17:19:18.018614,155.742,0.3003,1234.107421875,1508.930908203125,2208.85888671875,2,Low,0,cooldown
2025-12-03T17:19:18.984997,155.742,0.3164,1236.7344970703125,1510.942626953125,2212.8134765625,2,Low,0,cooldown
2025-12-03T17:19:19.887213,155.742,0.3315,1236.601806640625,1510.8902587890625,2212.5595703125,0,Hold,0,hold
2025-12-03T17:19:20.787893,155.742,0.3465,1232.9256591796875,1508.194091796875,2206.8662109375,1,High,1,entry_executed
2025-12-03T17:19:22.377603,155.742,0.373,1240.29833984375,1514.1802978515625,2217.669921875,2,Low,0,cooldown
2025-12-03T17:19:23.296606,155.742,0.3883,1228.0302734375,1505.785888671875,2198.32421875,0,Hold,0,hold
2025-12-03T17:19:24.260997,155.743,0.4043,1234.353515625,1505.9151611328125,2214.651611328125,2,Low,0,cooldown
2025-12-03T17:19:25.196446,155.742,0.4199,1234.8907470703125,1510.9453125,2208.968505859375,0,Hold,0,hold
2025-12-03T17:19:26.111528,155.742,0.4352,1231.92529296875,1508.8780517578125,2204.21142578125,2,Low,0,cooldown
2025-12-03T17:19:27.027824,155.743,0.4505,1236.3455810546875,1507.67236328125,2217.238037109375,2,Low,0,cooldown
2025-12-03T17:19:27.962481,155.744,0.466,1234.7301025390625,1505.1927490234375,2217.152099609375,0,Hold,0,hold
2025-12-03T17:19:28.916734,155.744,0.4819,1241.718505859375,1511.207763671875,2226.31103515625,2,Low,0,cooldown
2025-12-03T17:19:29.823181,155.744,0.4971,1241.09375,1510.7525634765625,2225.340576171875,2,Low,0,cooldown
2025-12-03T17:19:30.741620,155.744,0.5124,1233.1900634765625,1503.9971923828125,2214.92578125,2,Low,0,cooldown
2025-12-03T17:19:31.679447,155.745,0.528,1235.196533203125,1501.5069580078125,2223.583984375,2,Low,0,cooldown
2025-12-03T17:19:32.578040,155.744,0.543,1243.85888671875,1514.9925537109375,2227.54833984375,1,High,0,cooldown
2025-12-03T17:19:33.528579,155.745,0.5588,1235.21435546875,1501.098388671875,2223.8974609375,2,Low,0,cooldown
2025-12-03T17:19:34.466740,155.744,0.5744,1239.580078125,1511.275634765625,2221.941650390625,2,Low,0,cooldown
2025-12-03T17:19:35.430297,155.744,0.5905,1235.904052734375,1508.23046875,2217.0439453125,2,Low,0,cooldown
2025-12-03T17:19:36.347762,155.743,0.6058,1232.9371337890625,1511.388427734375,2205.53173828125,2,Low,1,entry_executed
2025-12-03T17:19:38.040288,155.743,0.634,1241.5863037109375,1519.038330078125,2217.07080078125,2,Low,0,cooldown
2025-12-03T17:19:38.967212,155.743,0.6495,1238.1226806640625,1515.65966796875,2212.829833984375,2,Low,0,cooldown
2025-12-03T17:19:39.908626,155.745,0.6651,1234.2001953125,1500.3785400390625,2222.49658203125,2,Low,0,cooldown
2025-12-03T17:19:40.813402,155.756,0.6802,1230.3814697265625,1493.2459716796875,2238.251220703125,2,Low,0,cooldown
2025-12-03T17:19:41.735061,155.755,0.6956,1229.699462890625,1491.969482421875,2236.915771484375,2,Low,0,cooldown
2025-12-03T17:19:42.666058,155.755,0.7111,1234.560302734375,1499.9281005859375,2239.5361328125,2,Low,0,cooldown
2025-12-03T17:19:43.612625,155.755,0.7269,1236.543701171875,1503.2247314453125,2240.444580078125,2,Low,0,cooldown
2025-12-03T17:19:44.495888,155.755,0.7416,1232.920654296875,1497.260009765625,2238.5390625,1,High,0,cooldown
2025-12-03T17:19:45.406020,155.755,0.7568,1234.203125,1499.480224609375,2239.10546875,2,Low,0,cooldown
2025-12-03T17:19:46.353639,155.744,0.7726,1239.159912109375,1528.7607421875,2207.048095703125,2,Low,0,cooldown
2025-12-03T17:19:47.250921,155.744,0.7875,1235.357177734375,1525.7713623046875,2201.6845703125,2,Low,0,cooldown
2025-12-03T17:19:48.170333,155.744,0.8028,1236.888671875,1527.0830078125,2203.797607421875,2,Low,0,cooldown
2025-12-03T17:19:49.083748,155.744,0.8181,1243.9637451171875,1533.0213623046875,2213.198974609375,2,Low,0,cooldown
2025-12-03T17:19:50.034235,155.743,0.8339,1233.70166015625,1529.8863525390625,2192.46728515625,2,Low,0,cooldown
2025-12-03T17:19:51.021600,155.743,0.8504,1239.166015625,1534.75,2199.751953125,2,Low,0,cooldown
2025-12-03T17:19:51.998510,155.742,0.8666,1246.9801025390625,1545.9775390625,2203.934814453125,0,Hold,0,hold
2025-12-03T17:19:52.984561,155.743,0.8831,1246.627685546875,1541.3414306640625,2209.399169921875,2,Low,1,entry_executed
2025-12-03T17:19:54.617911,155.743,0.9103,1245.5125732421875,1540.2340087890625,2208.1064453125,2,Low,0,cooldown
2025-12-03T17:19:55.576356,155.743,0.9263,1242.482666015625,1537.34033203125,2204.381103515625,2,Low,0,cooldown
2025-12-03T17:19:56.527342,155.743,0.9421,1241.156494140625,1536.4404296875,2202.46142578125,2,Low,0,cooldown
2025-12-03T17:19:57.481950,155.743,0.958,1239.7607421875,1535.33740234375,2200.48828125,2,Low,0,cooldown
2025-12-03T17:19:58.446229,155.743,0.9741,1238.9906005859375,1534.3662109375,2199.64892578125,2,Low,0,cooldown
2025-12-03T17:19:59.380178,155.743,0.9897,1241.83056640625,1536.7568359375,2203.475341796875,1,High,0,cooldown
2025-12-03T17:20:00.302819,155.743,0.005,1675.15185546875,4684.9423828125,492.519775390625,1,High,0,cooldown
2025-12-03T17:20:01.255860,155.743,0.0209,1677.7723388671875,4692.22021484375,490.2867736816406,2,Low,0,insufficient_q_advantage
2025-12-03T17:20:02.346132,155.743,0.0391,1666.6959228515625,4664.27783203125,497.2206115722656,2,Low,0,insufficient_q_advantage
2025-12-03T17:20:03.257068,155.748,0.0543,1750.7513427734375,4933.52392578125,439.0248718261719,1,High,0,cooldown
2025-12-03T17:20:04.195433,155.749,0.0699,1759.232421875,4968.9482421875,431.520263671875,1,High,0,cooldown
2025-12-03T17:20:05.153064,155.749,0.0859,1784.019775390625,5027.12451171875,418.787109375,1,High,0,cooldown
2025-12-03T17:20:06.128326,155.749,0.1021,1775.1434326171875,5006.01416015625,423.3594055175781,2,Low,0,insufficient_q_advantage
2025-12-03T17:20:07.040791,155.749,0.1173,1773.7783203125,5002.146484375,424.7041015625,1,High,0,cooldown
2025-12-03T17:20:07.985134,155.749,0.1331,1777.6043701171875,5011.6044921875,422.2867126464844,0,Hold,0,hold
2025-12-03T17:20:08.913026,155.748,0.1486,1750.879150390625,4934.1025390625,438.91259765625,0,Hold,0,hold
2025-12-03T17:20:09.816550,155.748,0.1636,1745.178955078125,4919.88330078125,442.7764892578125,1,High,1,entry_executed
2025-12-03T17:20:11.525785,155.742,0.1921,1668.7677001953125,4657.5341796875,498.2335510253906,0,Hold,0,hold
2025-12-03T17:20:12.472261,155.744,0.2079,1696.8714599609375,4751.40625,478.0857849121094,1,High,0,cooldown
2025-12-03T17:20:13.430944,155.744,0.2238,1697.4849853515625,4753.009765625,477.6770935058594,1,High,0,cooldown
2025-12-03T17:20:14.349280,155.744,0.2392,1685.7215576171875,4724.13427734375,484.2036437988281,1,High,0,cooldown
2025-12-03T17:20:15.275251,155.744,0.2546,1692.41259765625,4740.51171875,480.54638671875,0,Hold,0,hold
2025-12-03T17:20:16.223560,155.749,0.2704,1770.5135498046875,4995.57177734375,425.1880798339844,1,High,0,cooldown
2025-12-03T17:20:17.146118,155.75,0.2858,1779.5338134765625,5031.0615234375,418.2914733886719,1,High,0,cooldown
2025-12-03T17:20:18.125555,155.749,0.3021,1778.9630126953125,5015.072265625,421.3830871582031,0,Hold,0,hold
2025-12-03T17:20:19.031326,155.749,0.3172,1775.7825927734375,5007.529296875,423.0093688964844,1,High,0,cooldown
2025-12-03T17:20:19.941374,155.749,0.3324,1765.3614501953125,4982.6708984375,428.9026184082031,0,Hold,0,hold
2025-12-03T17:20:20.941701,155.749,0.349,1773.8392333984375,5003.43798828125,423.5950622558594,1,High,0,cooldown
2025-12-03T17:20:21.850327,155.749,0.3642,1770.4046630859375,4995.1298828125,425.6251525878906,1,High,0,cooldown
2025-12-03T17:20:22.843688,155.749,0.3807,1778.1038818359375,5013.029296875,421.8165588378906,2,Low,0,insufficient_q_advantage
2025-12-03T17:20:23.797019,155.75,0.3966,1785.32958984375,5044.548828125,415.27197265625,1,High,0,cooldown
2025-12-03T17:20:24.738013,155.751,0.4123,1798.0726318359375,5087.76025390625,406.8216247558594,1,High,0,cooldown
2025-12-03T17:20:25.667618,155.75,0.4278,1788.9088134765625,5051.74365234375,414.8416442871094,1,High,1,entry_executed
2025-12-03T17:20:27.186917,155.748,0.4531,1758.9906005859375,4952.01220703125,436.0901184082031,1,High,0,cooldown
2025-12-03T17:20:28.192093,155.75,0.4699,1782.6810302734375,5038.20947265625,417.0408630371094,1,High,0,cooldown
2025-12-03T17:20:29.152230,155.749,0.4859,1767.8114013671875,4988.72412109375,427.4800720214844,1,High,0,cooldown
2025-12-03T17:20:30.110985,155.744,0.5018,1695.763427734375,4748.94189453125,478.71044921875,1,High,0,cooldown
2025-12-03T17:20:31.031991,155.744,0.5172,1708.7537841796875,4780.27880859375,471.9281311035156,1,High,0,cooldown
2025-12-03T17:20:31.953476,155.743,0.5326,1679.4027099609375,4694.6005859375,491.6653747558594,1,High,0,cooldown
2025-12-03T17:20:32.875894,155.744,0.5479,1707.3636474609375,4777.61474609375,472.0052795410156,1,High,0,cooldown
2025-12-03T17:20:33.832210,155.743,0.5639,1669.2073974609375,4669.11865234375,498.0581970214844,1,High,0,cooldown
2025-12-03T17:20:34.733484,155.742,0.5789,1681.219482421875,4688.64404296875,490.9742431640625,1,High,0,cooldown
2025-12-03T17:20:35.667540,155.742,0.5945,1664.5640869140625,4646.0,502.1659851074219,2,Low,0,insufficient_q_advantage
2025-12-03T17:20:36.577581,155.742,0.6096,1669.6478271484375,4659.12646484375,498.6136779785156,1,High,0,cooldown
2025-12-03T17:20:37.512556,155.742,0.6252,1658.0833740234375,4629.5654296875,506.1709899902344,2,Low,0,insufficient_q_advantage
2025-12-03T17:20:38.459060,155.742,0.641,1672.4261474609375,4666.33251953125,496.6810607910156,1,High,0,cooldown
2025-12-03T17:20:39.406526,155.743,0.6568,1679.5615234375,4694.5712890625,491.9755859375,0,Hold,0,hold
2025-12-03T17:20:40.353518,155.743,0.6726,1684.2525634765625,4706.77099609375,488.6617736816406,1,High,0,cooldown
2025-12-03T17:20:41.256020,155.742,0.6876,1664.3055419921875,4645.42333984375,502.2223205566406,1,High,1,entry_executed
2025-12-03T17:20:42.809229,155.742,0.7135,1660.6400146484375,4636.447265625,504.2565002441406,1,High,0,cooldown
2025-12-03T17:20:43.793054,155.742,0.7299,1671.8094482421875,4664.9677734375,496.8999328613281,1,High,0,cooldown
2025-12-03T17:20:44.772936,155.742,0.7462,1666.9339599609375,4652.904296875,499.8168640136719,1,High,0,cooldown
2025-12-03T17:20:45.688066,155.742,0.7615,1677.6578369140625,4679.73779296875,493.1048889160156,1,High,0,cooldown
2025-12-03T17:20:46.603946,155.737,0.7767,1586.2237548828125,4377.85888671875,567.669921875,1,High,0,cooldown
2025-12-03T17:20:47.578107,155.737,0.793,1578.8170166015625,4357.81787109375,573.0850830078125,1,High,0,cooldown
2025-12-03T17:20:48.499038,155.737,0.8083,1578.3887939453125,4356.44873046875,573.650146484375,1,High,0,cooldown
2025-12-03T17:20:49.411160,155.737,0.8235,1585.3150634765625,4374.62109375,569.0980224609375,1,High,0,cooldown
2025-12-03T17:20:50.343527,155.737,0.8391,1578.5487060546875,4357.21875,573.1473388671875,1,High,0,cooldown
2025-12-03T17:20:51.278486,155.737,0.8546,1581.6065673828125,4365.1142578125,571.324951171875,1,High,0,cooldown
2025-12-03T17:20:52.211994,155.737,0.8702,1580.2930908203125,4361.4267578125,572.38232421875,1,High,0,cooldown
2025-12-03T17:20:53.173825,155.742,0.8862,1659.7093505859375,4634.7236328125,503.4936218261719,1,High,0,cooldown
2025-12-03T17:20:54.121227,155.742,0.902,1659.7259521484375,4634.986328125,503.2745666503906,1,High,0,cooldown
2025-12-03T17:20:55.028992,155.742,0.9171,1651.6336669921875,4614.2724609375,508.4632873535156,1,High,0,cooldown
2025-12-03T17:20:55.988975,155.743,0.9331,1681.3990478515625,4700.51318359375,488.9723205566406,1,High,0,cooldown
2025-12-03T17:20:56.907818,155.742,0.9485,1662.5023193359375,4642.47119140625,501.1710510253906,1,High,1,entry_executed
2025-12-03T17:20:58.666566,155.742,0.9778,1661.370361328125,4638.65185546875,502.682373046875,1,High,0,cooldown
2025-12-03T17:20:59.598691,155.742,0.9933,1663.14794921875,4643.962890625,500.8765563964844,1,High,0,cooldown
2025-12-03T17:21:00.504319,155.742,0.0084,1494.755615234375,3989.430419921875,707.6324462890625,1,High,0,cooldown
2025-12-03T17:21:01.419352,155.742,0.0237,1496.43701171875,3993.953857421875,706.4330444335938,1,High,0,cooldown
2025-12-03T17:21:02.338882,155.742,0.039,1503.908203125,4015.53564453125,699.6646728515625,1,High,0,cooldown
2025-12-03T17:21:03.257241,155.742,0.0543,1498.66455078125,4000.8974609375,703.872802734375,1,High,0,cooldown
2025-12-03T17:21:04.167217,155.742,0.0695,1495.196044921875,3990.80322265625,707.2010498046875,1,High,0,cooldown
2025-12-03T17:21:05.087682,155.742,0.0848,1498.871337890625,4001.191162109375,703.981201171875,1,High,0,cooldown
2025-12-03T17:21:06.044688,155.742,0.1007,1496.5068359375,3994.261962890625,706.2841796875,1,High,0,cooldown
2025-12-03T17:21:06.974305,155.742,0.1162,1496.918701171875,3995.432373046875,705.8571166992188,2,Low,0,insufficient_q_advantage
2025-12-03T17:21:07.879294,155.742,0.1313,1501.697998046875,4009.4892578125,701.28369140625,1,High,0,cooldown
2025-12-03T17:21:08.789657,155.742,0.1465,1502.9708251953125,4013.5390625,699.8359375,2,Low,0,insufficient_q_advantage
2025-12-03T17:21:09.715704,155.742,0.1619,1501.9476318359375,4010.69091796875,700.6639404296875,1,High,0,cooldown
2025-12-03T17:21:10.664891,155.742,0.1777,1498.99658203125,4001.550048828125,703.8416748046875,1,High,0,cooldown
2025-12-03T17:21:11.622888,155.742,0.1937,1503.847412109375,4016.025634765625,699.096923828125,1,High,0,cooldown
2025-12-03T17:21:12.553703,155.742,0.2092,1509.117919921875,4030.9248046875,694.6410522460938,2,Low,0,insufficient_q_advantage
2025-12-03T17:21:13.469639,155.742,0.2245,1493.22900390625,3985.189453125,708.9061889648438,1,High,1,entry_executed
2025-12-03T17:21:15.240597,155.742,0.254,1500.189453125,4004.9921875,702.7325439453125,1,High,0,cooldown
2025-12-03T17:21:16.157105,155.742,0.2693,1497.3604736328125,3996.7265625,705.396240234375,1,High,0,cooldown
2025-12-03T17:21:17.058685,155.742,0.2843,1498.521240234375,4000.515625,703.9789428710938,1,High,0,cooldown
2025-12-03T17:21:17.972441,155.742,0.2995,1502.805419921875,4013.111083984375,699.9522705078125,1,High,0,cooldown
2025-12-03T17:21:18.874089,155.742,0.3146,1499.887451171875,4004.25732421875,702.87646484375,1,High,0,cooldown
2025-12-03T17:21:19.795215,155.742,0.3299,1499.8671875,4003.7421875,703.3824462890625,1,High,0,cooldown
2025-12-03T17:21:20.719312,155.742,0.3453,1503.0166015625,4013.754638671875,699.7345581054688,1,High,0,cooldown
2025-12-03T17:21:21.661539,155.742,0.361,1503.0665283203125,4014.099609375,699.47900390625,1,High,0,cooldown
2025-12-03T17:21:22.581731,155.742,0.3764,1512.64111328125,4041.17236328125,691.4102783203125,1,High,0,cooldown
2025-12-03T17:21:23.524410,155.742,0.3921,1495.7747802734375,3992.10302734375,707.0107421875,1,High,0,cooldown
2025-12-03T17:21:24.444897,155.742,0.4074,1511.1527099609375,4036.671875,692.898193359375,1,High,0,cooldown
2025-12-03T17:21:25.368879,155.742,0.4228,1504.9820556640625,4019.454833984375,697.9769287109375,1,High,0,cooldown
2025-12-03T17:21:26.272972,155.742,0.4379,1491.0831298828125,3979.292236328125,710.5628662109375,2,Low,0,insufficient_q_advantage
2025-12-03T17:21:27.184762,155.742,0.4531,1499.426025390625,4002.789306640625,703.4815673828125,1,High,0,cooldown
2025-12-03T17:21:28.093110,155.742,0.4682,1514.2288818359375,4045.928466796875,689.8270263671875,1,High,0,cooldown
2025-12-03T17:21:29.006459,155.742,0.4834,1493.502197265625,3986.1689453125,708.4227905273438,0,Hold,0,hold
2025-12-03T17:21:29.915888,155.742,0.4986,1505.7286376953125,4021.312255859375,697.5849609375,1,High,1,entry_executed
2025-12-03T17:21:31.573969,155.742,0.5262,1497.2706298828125,3996.369384765625,705.5888671875,1,High,0,cooldown
2025-12-03T17:21:32.500731,155.742,0.5417,1503.55078125,4014.963134765625,699.623291015625,1,High,0,cooldown
2025-12-03T17:21:33.428638,155.742,0.5571,1495.37841796875,3991.49072265625,706.7884521484375,1,High,0,cooldown
2025-12-03T17:21:34.357827,155.742,0.5726,1502.40185546875,4012.015625,700.2423095703125,1,High,0,cooldown
2025-12-03T17:21:35.315037,155.742,0.5886,1506.1258544921875,4022.83349609375,696.88134765625,1,High,0,cooldown
2025-12-03T17:21:36.310928,155.742,0.6052,1494.590087890625,3988.705810546875,708.0194702148438,1,High,0,cooldown
2025-12-03T17:21:37.239329,155.742,0.6207,1504.294677734375,4017.222412109375,698.765380859375,1,High,0,cooldown
2025-12-03T17:21:38.198189,155.742,0.6366,1504.1517333984375,4016.83056640625,698.9561767578125,1,High,0,cooldown
2025-12-03T17:21:39.150165,155.742,0.6525,1504.9544677734375,4018.59033203125,698.7203369140625,1,High,0,cooldown
2025-12-03T17:21:40.098404,155.742,0.6683,1499.4130859375,4003.03369140625,703.206298828125,1,High,0,cooldown
2025-12-03T17:21:41.057029,155.742,0.6843,1499.9810791015625,4004.586669921875,702.7288818359375,1,High,0,cooldown
2025-12-03T17:21:42.037141,155.752,0.7006,1660.0113525390625,4594.8720703125,532.311279296875,1,High,0,cooldown
2025-12-03T17:21:42.996639,155.753,0.7166,1675.4068603515625,4653.1806640625,514.9964599609375,1,High,0,cooldown
2025-12-03T17:21:43.969066,155.753,0.7328,1687.2537841796875,4681.671875,508.4298400878906,1,High,0,cooldown
2025-12-03T17:21:44.918503,155.753,0.7486,1685.1605224609375,4676.7724609375,509.4107971191406,1,High,1,entry_executed
2025-12-03T17:21:46.724206,155.753,0.7787,1690.2860107421875,4689.71826171875,505.9761047363281,1,High,0,cooldown
2025-12-03T17:21:47.673852,155.753,0.7946,1674.6300048828125,4650.91748046875,515.7938232421875,1,High,0,cooldown
2025-12-03T17:21:48.657685,155.753,0.811,1671.7528076171875,4643.943359375,517.402587890625,1,High,0,cooldown
2025-12-03T17:21:49.574019,155.753,0.8262,1683.011474609375,4672.19482421875,510.0203857421875,2,Low,0,insufficient_q_advantage
2025-12-03T17:21:50.507775,155.753,0.8418,1694.1480712890625,4698.52490234375,504.3257751464844,1,High,0,cooldown
2025-12-03T17:21:51.449709,155.753,0.8575,1680.3582763671875,4665.40576171875,511.9244079589844,1,High,0,cooldown
2025-12-03T17:21:52.368145,155.753,0.8728,1675.0267333984375,4652.4833984375,514.9127197265625,1,High,0,cooldown
2025-12-03T17:21:53.275197,155.754,0.8879,1688.99169921875,4703.0361328125,501.9765625,1,High,0,cooldown
2025-12-03T17:21:54.251227,155.753,0.9042,1683.9130859375,4673.791015625,510.307373046875,0,Hold,0,hold
2025-12-03T17:21:55.199721,155.753,0.92,1679.0340576171875,4661.9306640625,513.1507568359375,1,High,0,cooldown
2025-12-03T17:21:56.104800,155.753,0.9351,1677.30615234375,4656.8974609375,515.00048828125,1,High,0,cooldown
2025-12-03T17:21:57.004885,155.753,0.9501,1685.1546630859375,4677.4033203125,509.0032043457031,1,High,0,cooldown
2025-12-03T17:21:57.916008,155.754,0.9653,1695.4068603515625,4718.2998046875,498.4660339355469,1,High,0,cooldown
2025-12-03T17:21:58.844773,155.754,0.9807,1695.1348876953125,4717.60205078125,498.7398986816406,1,High,0,cooldown
2025-12-03T17:21:59.778739,155.755,0.9963,1715.0904541015625,4780.09912109375,484.6830139160156,1,High,0,cooldown
2025-12-03T17:22:00.756912,155.754,0.0126,1992.8116455078125,5016.53076171875,755.8099365234375,1,High,1,entry_executed
2025-12-03T17:22:02.545203,155.753,0.0424,1981.2999267578125,4995.212890625,752.7066650390625,1,High,0,cooldown
2025-12-03T17:22:03.474972,155.752,0.0579,1969.4517822265625,4974.35693359375,748.4840087890625,1,High,0,cooldown
2025-12-03T17:22:04.436324,155.753,0.0739,1982.8074951171875,4991.6650390625,758.9439697265625,1,High,0,cooldown
2025-12-03T17:22:05.386708,155.753,0.0898,1980.0704345703125,4995.38623046875,749.6082763671875,1,High,0,cooldown
2025-12-03T17:22:06.309395,155.753,0.1052,1981.7099609375,4992.7568359375,755.627685546875,0,Hold,0,hold
2025-12-03T17:22:07.253095,155.753,0.1209,1981.6939697265625,4993.05078125,755.321044921875,1,High,0,cooldown
2025-12-03T17:22:08.215557,155.753,0.1369,1982.1519775390625,4992.72509765625,756.5740966796875,1,High,0,cooldown
2025-12-03T17:22:09.121527,155.753,0.152,1978.588134765625,4999.85498046875,742.411376953125,0,Hold,0,hold
2025-12-03T17:22:10.070199,155.753,0.1678,1979.1343994140625,4997.74267578125,745.4652099609375,2,Low,0,insufficient_q_advantage
2025-12-03T17:22:11.002774,155.753,0.1834,1980.895263671875,4992.5712890625,754.1318359375,0,Hold,0,hold
2025-12-03T17:22:11.923340,155.753,0.1987,1980.922607421875,4993.939453125,752.82177734375,1,High,0,cooldown
2025-12-03T17:22:12.852475,155.753,0.2142,1981.4759521484375,4994.25732421875,753.6644287109375,1,High,0,cooldown
2025-12-03T17:22:13.765919,155.753,0.2294,1979.7760009765625,4997.19775390625,747.2603759765625,2,Low,0,insufficient_q_advantage
2025-12-03T17:22:14.681177,155.753,0.2447,1980.2833251953125,4995.35693359375,750.0816650390625,1,High,0,cooldown
2025-12-03T17:22:15.657713,155.753,0.261,1980.1917724609375,4994.95947265625,750.2662353515625,0,Hold,0,hold
2025-12-03T17:22:16.592434,155.753,0.2765,1980.5584716796875,4994.69580078125,751.3150634765625,1,High,1,entry_executed
2025-12-03T17:22:18.251913,155.753,0.3042,1980.8304443359375,4993.109375,753.4654541015625,1,High,0,cooldown
2025-12-03T17:22:19.206618,155.753,0.3201,1979.555908203125,4996.556640625,747.448974609375,1,High,0,cooldown
2025-12-03T17:22:20.137228,155.753,0.3356,1980.8995361328125,4993.70556640625,753.0023193359375,1,High,0,cooldown
2025-12-03T17:22:21.074304,155.753,0.3512,1981.1800537109375,4994.02099609375,753.2718505859375,1,High,0,cooldown
2025-12-03T17:22:22.009685,155.753,0.3668,1978.447265625,4999.009765625,742.923095703125,1,High,0,cooldown
2025-12-03T17:22:22.951123,155.753,0.3825,1982.747802734375,4990.72021484375,759.755859375,1,High,0,cooldown
2025-12-03T17:22:23.867482,155.753,0.3978,1980.0152587890625,4995.5771484375,749.305419921875,1,High,0,cooldown
2025-12-03T17:22:24.786504,155.753,0.4131,1978.1009521484375,5001.35693359375,740.0677490234375,1,High,0,cooldown
2025-12-03T17:22:25.710747,155.754,0.4285,1990.0438232421875,5026.0380859375,740.7923583984375,1,High,0,cooldown
2025-12-03T17:22:26.649474,155.754,0.4442,1991.7589111328125,5017.60888671875,752.0706787109375,1,High,0,cooldown
2025-12-03T17:22:27.578381,155.754,0.4596,1991.5418701171875,5019.82080078125,749.5390625,1,High,0,cooldown
2025-12-03T17:22:28.499275,155.752,0.475,1968.3455810546875,4976.3037109375,744.2296142578125,1,High,0,cooldown
2025-12-03T17:22:29.446757,155.744,0.4908,1871.4033203125,4801.59912109375,720.922119140625,1,High,0,cooldown
2025-12-03T17:22:30.391763,155.744,0.5065,1871.8941650390625,4802.06982421875,721.5006103515625,1,High,0,cooldown
2025-12-03T17:22:31.314284,155.744,0.5219,1871.6375732421875,4805.7138671875,716.659423828125,2,Low,0,insufficient_q_advantage
2025-12-03T17:22:32.254168,155.743,0.5376,1858.6328125,4776.4892578125,719.27734375,1,High,1,entry_executed
2025-12-03T17:22:33.871209,155.743,0.5645,1859.7926025390625,4776.630859375,723.0701904296875,0,Hold,0,hold
2025-12-03T17:22:34.787395,155.743,0.5798,1857.8624267578125,4777.912109375,714.8377685546875,2,Low,0,insufficient_q_advantage
2025-12-03T17:22:35.750397,155.743,0.5958,1858.6280517578125,4776.59033203125,719.03515625,2,Low,0,insufficient_q_advantage
2025-12-03T17:22:36.738151,155.743,0.6123,1859.3154296875,4776.4013671875,721.88330078125,1,High,0,cooldown
2025-12-03T17:22:37.747366,155.742,0.6291,1846.5611572265625,4753.71630859375,717.2657470703125,0,Hold,0,hold
2025-12-03T17:22:38.714450,155.742,0.6452,1845.9349365234375,4753.41748046875,715.1173095703125,1,High,0,cooldown
2025-12-03T17:22:39.723915,155.743,0.6621,1859.0721435546875,4776.22412109375,720.6434326171875,1,High,0,cooldown
2025-12-03T17:22:40.687785,155.743,0.6781,1858.1558837890625,4776.201171875,717.2965087890625,1,High,0,cooldown
2025-12-03T17:22:41.711917,155.742,0.6952,1844.873291015625,4753.51123046875,710.8819580078125,1,High,0,cooldown
2025-12-03T17:22:42.702353,155.732,0.7117,1729.516357421875,4508.89404296875,698.9674072265625,1,High,0,cooldown
2025-12-03T17:22:43.664839,155.732,0.7277,1729.7286376953125,4507.14306640625,701.0404052734375,0,Hold,0,hold
2025-12-03T17:22:44.604363,155.732,0.7434,1729.8616943359375,4507.83349609375,700.641845703125,1,High,0,cooldown
2025-12-03T17:22:45.561039,155.732,0.7594,1729.8419189453125,4506.24853515625,702.095458984375,1,High,0,cooldown
2025-12-03T17:22:46.528044,155.73,0.7755,1706.609130859375,4443.1767578125,709.2279052734375,1,High,0,cooldown
2025-12-03T17:22:47.490823,155.728,0.7915,1689.586181640625,4375.732421875,732.7445068359375,1,High,1,entry_executed
2025-12-03T17:22:49.347175,155.729,0.8225,1698.5689697265625,4408.3623046875,722.4295654296875,1,High,0,cooldown
2025-12-03T17:22:50.412489,155.728,0.8402,1684.0167236328125,4384.20263671875,713.5496826171875,1,High,0,cooldown
2025-12-03T17:22:51.389440,155.729,0.8565,1695.984619140625,4413.47509765625,712.3799438476562,1,High,0,cooldown
2025-12-03T17:22:52.328945,155.729,0.8721,1695.9241943359375,4414.103515625,711.6915283203125,1,High,0,cooldown
2025-12-03T17:22:53.328426,155.729,0.8888,1696.5869140625,4413.18212890625,713.862060546875,1,High,0,cooldown
2025-12-03T17:22:54.258581,155.729,0.9043,1697.858154296875,4409.9677734375,719.3984375,1,High,0,cooldown
2025-12-03T17:22:55.191593,155.728,0.9199,1688.218505859375,4378.53564453125,727.4710083007812,1,High,0,cooldown
2025-12-03T17:22:56.134694,155.728,0.9356,1689.226806640625,4376.72705078125,731.1329956054688,1,High,0,cooldown
2025-12-03T17:22:57.095484,155.728,0.9516,1690.078369140625,4376.083984375,733.3696899414062,1,High,0,cooldown
2025-12-03T17:22:58.083110,155.728,0.9681,1686.91162109375,4380.3154296875,723.1409912109375,1,High,0,cooldown
2025-12-03T17:22:59.043681,155.728,0.9841,1689.049560546875,4377.2548828125,730.2978515625,1,High,0,cooldown
2025-12-03T17:23:00.019839,155.728,0.0003,1633.7607421875,4134.30126953125,795.31201171875,1,High,0,cooldown
2025-12-03T17:23:01.007875,155.729,0.0168,1638.898193359375,4158.994140625,783.8521118164062,1,High,0,cooldown
2025-12-03T17:23:01.943539,155.729,0.0324,1641.2041015625,4161.59130859375,787.4072265625,1,High,0,cooldown
2025-12-03T17:23:02.906578,155.729,0.0484,1642.3590087890625,4162.46044921875,789.6490478515625,1,High,1,entry_executed
2025-12-03T17:23:04.684268,155.729,0.0781,1639.7548828125,4160.2421875,784.7574462890625,0,Hold,0,hold
2025-12-03T17:23:05.641010,155.729,0.094,1642.51025390625,4162.02001953125,790.4483642578125,1,High,0,cooldown
2025-12-03T17:23:06.583137,155.731,0.1097,1656.73583984375,4215.61181640625,773.470458984375,0,Hold,0,hold
2025-12-03T17:23:07.489917,155.73,0.1248,1650.692626953125,4188.65576171875,784.42626953125,1,High,0,cooldown
2025-12-03T17:23:08.403401,155.728,0.1401,1632.2994384765625,4135.017578125,792.2808837890625,1,High,0,cooldown
2025-12-03T17:23:09.317000,155.728,0.1553,1634.2958984375,4135.67431640625,797.2411499023438,1,High,0,cooldown
2025-12-03T17:23:10.229103,155.728,0.1705,1633.348388671875,4136.17529296875,793.9256591796875,1,High,0,cooldown
2025-12-03T17:23:11.151201,155.728,0.1859,1634.29931640625,4136.12109375,796.603759765625,1,High,0,cooldown
2025-12-03T17:23:12.050505,155.728,0.2008,1632.6815185546875,4135.54248046875,792.8590087890625,1,High,0,cooldown
2025-12-03T17:23:12.967007,155.728,0.2161,1635.0299072265625,4135.2939453125,799.5142822265625,1,High,0,cooldown
2025-12-03T17:23:13.880497,155.728,0.2313,1634.3216552734375,4136.10693359375,796.75439453125,0,Hold,0,hold
2025-12-03T17:23:14.784255,155.728,0.2464,1634.07958984375,4135.90625,796.310302734375,1,High,0,cooldown
2025-12-03T17:23:15.724116,155.728,0.2621,1633.1202392578125,4136.02490234375,793.3974609375,1,High,0,cooldown
2025-12-03T17:23:16.668210,155.72,0.2778,1576.5892333984375,3881.986572265625,897.9415283203125,1,High,0,cooldown
2025-12-03T17:23:17.590469,155.72,0.2932,1576.179443359375,3881.7412109375,896.98583984375,1,High,0,cooldown
2025-12-03T17:23:18.498232,155.72,0.3083,1575.000244140625,3880.377685546875,895.2785034179688,1,High,1,entry_executed
2025-12-03T17:23:20.239699,155.718,0.3373,1559.321533203125,3811.697265625,920.476318359375,1,High,0,cooldown
2025-12-03T17:23:21.176361,155.718,0.3529,1556.8497314453125,3809.063720703125,917.1639404296875,0,Hold,0,hold
2025-12-03T17:23:22.104445,155.718,0.3684,1561.7591552734375,3813.595703125,924.6964111328125,1,High,0,cooldown
2025-12-03T17:23:23.022975,155.718,0.3837,1563.9495849609375,3815.65380859375,928.062255859375,1,High,0,cooldown
2025-12-03T17:23:23.939046,155.719,0.399,1567.8575439453125,3845.91357421875,909.0731201171875,1,High,0,cooldown
2025-12-03T17:23:24.886070,155.719,0.4148,1568.693115234375,3845.72216796875,911.5877075195312,1,High,0,cooldown
2025-12-03T17:23:25.812587,155.719,0.4302,1566.2607421875,3844.03662109375,906.7279663085938,1,High,0,cooldown
2025-12-03T17:23:26.798982,155.721,0.4466,1580.255126953125,3908.239990234375,879.755859375,1,High,0,cooldown
2025-12-03T17:23:27.754844,155.72,0.4626,1573.3818359375,3874.8671875,895.22314453125,1,High,0,cooldown
2025-12-03T17:23:28.733176,155.72,0.4789,1572.864501953125,3874.255615234375,894.3775634765625,0,Hold,0,hold
2025-12-03T17:23:29.675700,155.72,0.4946,1574.231689453125,3876.229736328125,895.9249267578125,1,High,0,cooldown
2025-12-03T17:23:30.608351,155.72,0.5101,1573.416259765625,3874.941162109375,895.1718139648438,1,High,0,cooldown
2025-12-03T17:23:31.532361,155.721,0.5255,1579.826416015625,3907.712890625,879.237548828125,1,High,0,cooldown
2025-12-03T17:23:32.482639,155.72,0.5414,1570.5677490234375,3872.25048828125,889.8360595703125,1,High,0,cooldown
2025-12-03T17:23:33.408059,155.72,0.5568,1574.8704833984375,3876.29931640625,897.82763671875,1,High,0,cooldown
2025-12-03T17:23:34.387870,155.722,0.5731,1585.6798095703125,3940.058349609375,861.768798828125,0,Hold,0,hold
2025-12-03T17:23:35.350551,155.721,0.5892,1581.067626953125,3909.134033203125,881.0526123046875,1,High,1,entry_executed
2025-12-03T17:23:37.377058,155.723,0.623,1595.9388427734375,3974.603271484375,853.6561279296875,1,High,0,cooldown
2025-12-03T17:23:38.329538,155.724,0.6388,1601.0345458984375,4002.81005859375,838.1280517578125,1,High,0,cooldown
2025-12-03T17:23:39.292120,155.724,0.6549,1601.7437744140625,4004.10986328125,838.618896484375,1,High,0,cooldown
2025-12-03T17:23:40.291951,155.723,0.6715,1598.700439453125,3976.74951171875,858.6666259765625,1,High,0,cooldown
2025-12-03T17:23:41.258808,155.723,0.6876,1595.4688720703125,3974.803955078125,852.0269775390625,2,Low,0,insufficient_q_advantage
2025-12-03T17:23:42.182839,155.724,0.703,1605.1419677734375,4008.32666015625,843.5838623046875,1,High,0,cooldown
2025-12-03T17:23:43.115684,155.723,0.7186,1596.9088134765625,3976.205810546875,854.28564453125,2,Low,0,insufficient_q_advantage
2025-12-03T17:23:44.020470,155.723,0.7337,1595.52734375,3974.90966796875,852.0678100585938,1,High,0,cooldown
2025-12-03T17:23:44.983135,155.723,0.7497,1598.08447265625,3976.681884765625,856.9426879882812,1,High,0,cooldown
2025-12-03T17:23:45.916660,155.724,0.7653,1600.8621826171875,4002.511962890625,838.016845703125,1,High,0,cooldown
2025-12-03T17:23:46.829850,155.724,0.7805,1603.0863037109375,4006.118896484375,840.1456298828125,1,High,0,cooldown
2025-12-03T17:23:47.763256,155.723,0.7961,1593.416748046875,3973.0595703125,848.3072509765625,1,High,0,cooldown
2025-12-03T17:23:48.723595,155.72,0.8121,1573.760498046875,3875.076416015625,896.1395263671875,1,High,0,cooldown
2025-12-03T17:23:49.707790,155.719,0.8285,1569.2161865234375,3846.859375,911.705810546875,1,High,0,cooldown
2025-12-03T17:23:50.639586,155.719,0.844,1568.7398681640625,3845.9716796875,911.407470703125,1,High,1,entry_executed
2025-12-03T17:23:52.196916,155.72,0.8699,1573.1708984375,3874.945068359375,894.3783569335938,2,Low,0,insufficient_q_advantage
2025-12-03T17:23:53.125609,155.72,0.8854,1576.19677734375,3877.942138671875,899.7246704101562,2,Low,0,insufficient_q_advantage
2025-12-03T17:23:54.060511,155.72,0.901,1573.3359375,3874.9619140625,894.94140625,1,High,0,cooldown
2025-12-03T17:23:55.033081,155.72,0.9172,1577.327392578125,3879.17919921875,901.6513061523438,1,High,0,cooldown
2025-12-03T17:23:55.991825,155.72,0.9332,1575.79541015625,3877.6005859375,898.841796875,1,High,0,cooldown
2025-12-03T17:23:57.011473,155.72,0.9502,1573.0953369140625,3874.27978515625,895.1214599609375,2,Low,0,insufficient_q_advantage
2025-12-03T17:23:58.030481,155.72,0.9672,1573.4049072265625,3874.943115234375,895.2003173828125,1,High,0,cooldown
2025-12-03T17:23:58.983718,155.719,0.9831,1565.760009765625,3843.064697265625,906.488037109375,1,High,0,cooldown
2025-12-03T17:23:59.909221,155.718,0.9985,1561.77978515625,3813.9921875,924.3153076171875,0,Hold,0,hold
2025-12-03T17:24:00.851185,155.718,0.0142,1569.613525390625,3152.16943359375,1532.242919921875,1,High,0,cooldown
2025-12-03T17:24:01.809362,155.72,0.0302,1563.1934814453125,3141.6357421875,1531.0494384765625,1,High,0,cooldown
2025-12-03T17:24:02.762918,155.72,0.046,1576.1341552734375,3169.507568359375,1534.5279541015625,1,High,0,cooldown
2025-12-03T17:24:03.697762,155.719,0.0616,1572.1832275390625,3159.701171875,1533.0010986328125,1,High,0,cooldown
2025-12-03T17:24:04.671327,155.715,0.0779,1569.550537109375,3142.976806640625,1533.23974609375,1,High,0,cooldown
2025-12-03T17:24:05.593963,155.715,0.0932,1572.6728515625,3150.7880859375,1532.802490234375,1,High,0,cooldown
2025-12-03T17:24:06.533721,155.71,0.1089,1578.544677734375,3137.303955078125,1537.234619140625,1,High,1,entry_executed
2025-12-03T17:24:08.494200,155.713,0.1416,1579.751220703125,3155.65380859375,1535.4686279296875,1,High,0,cooldown
2025-12-03T17:24:09.483691,155.709,0.1581,1562.449462890625,3087.529296875,1544.1304931640625,1,High,0,cooldown
2025-12-03T17:24:10.452483,155.709,0.1742,1583.2890625,3138.87060546875,1540.951416015625,1,High,0,cooldown
2025-12-03T17:24:11.433943,155.709,0.1906,1568.6259765625,3104.3134765625,1541.6982421875,1,High,0,cooldown
2025-12-03T17:24:12.379902,155.709,0.2063,1574.1318359375,3118.260009765625,1540.324951171875,0,Hold,0,hold
2025-12-03T17:24:13.326270,155.709,0.2221,1568.5006103515625,3104.14306640625,1541.6080322265625,1,High,0,cooldown
2025-12-03T17:24:14.301440,155.71,0.2384,1573.202880859375,3121.3994140625,1540.184326171875,1,High,0,cooldown
2025-12-03T17:24:15.322227,155.713,0.2554,1576.772216796875,3146.864013671875,1536.9080810546875,1,High,0,cooldown
2025-12-03T17:24:16.346380,155.713,0.2724,1570.626708984375,3127.847412109375,1541.2388916015625,0,Hold,0,hold
2025-12-03T17:24:17.327356,155.712,0.2888,1573.7626953125,3131.148193359375,1541.04443359375,1,High,0,cooldown
2025-12-03T17:24:18.293571,155.712,0.3049,1566.4915771484375,3110.824951171875,1544.0322265625,1,High,0,cooldown
2025-12-03T17:24:19.262791,155.713,0.321,1574.874755859375,3141.0595703125,1538.1845703125,0,Hold,0,hold
2025-12-03T17:24:20.255011,155.712,0.3376,1576.1451416015625,3137.923095703125,1539.8858642578125,1,High,0,cooldown
2025-12-03T17:24:21.218139,155.712,0.3536,1593.9527587890625,3184.3759765625,1535.081298828125,1,High,0,cooldown
2025-12-03T17:24:22.220479,155.712,0.3703,1576.8546142578125,3139.86279296875,1539.614990234375,2,Low,0,insufficient_q_advantage
2025-12-03T17:24:23.228412,155.713,0.3871,1573.8541259765625,3137.8330078125,1538.9744873046875,0,Hold,0,hold
2025-12-03T17:24:24.220911,155.712,0.4037,1578.9315185546875,3146.208984375,1538.2091064453125,1,High,1,entry_executed
2025-12-03T17:24:25.857385,155.706,0.431,1573.3177490234375,3082.890625,1559.4752197265625,1,High,0,cooldown
2025-12-03T17:24:26.894978,155.707,0.4482,1564.8712158203125,3076.17626953125,1551.0740966796875,1,High,0,cooldown
2025-12-03T17:24:27.927388,155.709,0.4655,1579.7755126953125,3127.027099609375,1543.11279296875,1,High,0,cooldown
2025-12-03T17:24:28.945995,155.708,0.4824,1581.575439453125,3122.36669921875,1547.575927734375,2,Low,0,insufficient_q_advantage
2025-12-03T17:24:29.951152,155.708,0.4992,1572.068115234375,3101.5986328125,1546.52734375,1,High,0,cooldown
2025-12-03T17:24:31.031881,155.709,0.5172,1574.9737548828125,3116.42724609375,1542.71923828125,0,Hold,0,hold
2025-12-03T17:24:32.027578,155.708,0.5338,1576.18212890625,3110.6396484375,1546.8486328125,0,Hold,0,hold
2025-12-03T17:24:33.045392,155.706,0.5508,1565.009765625,3065.673828125,1557.8807373046875,1,High,0,cooldown
2025-12-03T17:24:34.015097,155.706,0.5669,1568.73046875,3073.098876953125,1558.879150390625,1,High,0,cooldown
2025-12-03T17:24:34.978609,155.706,0.583,1568.7738037109375,3073.5390625,1558.5938720703125,1,High,0,cooldown
2025-12-03T17:24:35.951042,155.707,0.5992,1574.8734130859375,3097.345947265625,1552.85302734375,2,Low,0,insufficient_q_advantage
2025-12-03T17:24:36.936765,155.707,0.6156,1572.820068359375,3093.0224609375,1552.4537353515625,2,Low,0,insufficient_q_advantage
2025-12-03T17:24:37.898328,155.707,0.6316,1573.168701171875,3094.171875,1552.173095703125,1,High,0,cooldown
2025-12-03T17:24:38.928539,155.708,0.6488,1578.507568359375,3115.879150390625,1546.976318359375,1,High,0,cooldown
2025-12-03T17:24:39.939843,155.708,0.6657,1581.888427734375,3123.05615234375,1547.645751953125,1,High,1,entry_executed
2025-12-03T17:24:41.803157,155.708,0.6967,1576.107421875,3110.554443359375,1546.7529296875,2,Low,0,insufficient_q_advantage
2025-12-03T17:24:42.736511,155.708,0.7123,1574.6610107421875,3107.414306640625,1546.61962890625,1,High,0,cooldown
2025-12-03T17:24:43.718865,155.707,0.7286,1565.7236328125,3077.557861328125,1551.588134765625,1,High,0,cooldown
2025-12-03T17:24:44.662713,155.707,0.7444,1568.827392578125,3084.88916015625,1551.47314453125,1,High,0,cooldown
2025-12-03T17:24:45.629357,155.707,0.7605,1568.253662109375,3083.441162109375,1551.572021484375,1,High,0,cooldown
2025-12-03T17:24:46.584176,155.707,0.7764,1567.55712890625,3081.371826171875,1551.9517822265625,2,Low,0,insufficient_q_advantage
2025-12-03T17:24:47.541125,155.707,0.7924,1568.554931640625,3083.79150390625,1551.8680419921875,0,Hold,0,hold
2025-12-03T17:24:48.478480,155.707,0.808,1568.39599609375,3083.908447265625,1551.455322265625,1,High,0,cooldown
2025-12-03T17:24:49.418507,155.707,0.8236,1563.0653076171875,3071.959716796875,1551.1904296875,0,Hold,0,hold
2025-12-03T17:24:50.381132,155.707,0.8397,1564.4136962890625,3075.302490234375,1550.9375,1,High,0,cooldown
2025-12-03T17:41:00.708728,155.735,0.0118,1733.4366455078125,5041.10693359375,-99.98587036132812,1,High,1,entry_executed
2025-12-03T17:41:02.476938,155.735,0.0413,1733.1463623046875,5042.10888671875,-101.32730102539062,1,High,0,cooldown
2025-12-03T17:41:03.414126,155.735,0.0569,1733.042236328125,5041.873046875,-101.3154296875,1,High,0,cooldown
2025-12-03T17:41:04.343456,155.735,0.0724,1733.0257568359375,5043.55908203125,-102.71182250976562,1,High,0,cooldown
2025-12-03T17:41:05.340885,155.735,0.089,1733.567138671875,5040.49658203125,-99.30029296875,1,High,0,cooldown
2025-12-03T17:41:06.298895,155.738,0.105,1732.938232421875,5042.0224609375,-101.45458984375,1,High,0,cooldown
2025-12-03T17:41:07.218636,155.738,0.1203,1733.0223388671875,5041.93896484375,-101.22640991210938,1,High,0,cooldown
2025-12-03T17:41:08.128468,155.739,0.1355,1732.7122802734375,5043.7080078125,-103.18228149414062,1,High,0,cooldown
2025-12-03T17:41:09.110950,155.739,0.1518,1733.3505859375,5039.8369140625,-98.907470703125,2,Low,0,insufficient_q_advantage
2025-12-03T17:41:10.067569,155.739,0.1678,1732.8203125,5042.4013671875,-101.934814453125,1,High,0,cooldown
2025-12-03T17:41:11.016167,155.739,0.1836,1732.900146484375,5043.1240234375,-102.35107421875,1,High,0,cooldown
2025-12-03T17:41:11.931911,155.739,0.1989,1733.4112548828125,5041.27392578125,-99.99136352539062,1,High,0,cooldown
2025-12-03T17:41:12.864582,155.739,0.2144,1732.704345703125,5043.5673828125,-103.0738525390625,1,High,0,cooldown
2025-12-03T17:41:13.808992,155.739,0.2301,1733.5546875,5039.80224609375,-98.520263671875,2,Low,0,insufficient_q_advantage
2025-12-03T17:41:14.753839,155.739,0.2459,1732.7664794921875,5042.45849609375,-102.04232788085938,1,High,0,cooldown
2025-12-03T17:41:15.675104,155.739,0.2613,1732.4793701171875,5044.4267578125,-104.18887329101562,1,High,0,cooldown
2025-12-03T17:41:16.647240,155.739,0.2775,1733.6212158203125,5039.36376953125,-98.05508422851562,1,High,1,entry_executed
2025-12-03T17:41:18.481730,155.738,0.308,1733.7296142578125,5039.6611328125,-98.18051147460938,1,High,0,cooldown
2025-12-03T17:41:19.435269,155.739,0.3239,1732.4964599609375,5044.79150390625,-104.39590454101562,1,High,0,cooldown
2025-12-03T17:41:20.330655,155.739,0.3388,1733.572509765625,5040.14013671875,-98.7940673828125,1,High,0,cooldown
2025-12-03T17:41:21.223099,155.739,0.3537,1732.1285400390625,5045.45654296875,-105.66201782226562,1,High,0,cooldown
2025-12-03T17:41:22.147609,155.739,0.3691,1733.23291015625,5041.45458984375,-100.459716796875,1,High,0,cooldown
2025-12-03T17:41:23.065440,155.739,0.3844,1733.5675048828125,5040.6630859375,-99.22219848632812,1,High,0,cooldown
2025-12-03T17:41:23.982318,155.734,0.3997,1733.8336181640625,5039.11572265625,-97.79647827148438,2,Low,0,insufficient_q_advantage
2025-12-03T17:41:24.877603,155.737,0.4146,1733.4027099609375,5041.09814453125,-99.94790649414062,1,High,0,cooldown
2025-12-03T17:41:25.868545,155.737,0.4311,1733.49951171875,5040.1748046875,-99.015625,1,High,0,cooldown
2025-12-03T17:41:26.848571,155.734,0.4475,1733.2008056640625,5042.0595703125,-101.30801391601562,2,Low,0,insufficient_q_advantage
2025-12-03T17:41:27.810149,155.734,0.4635,1732.899169921875,5043.767578125,-103.16650390625,1,High,0,cooldown
2025-12-03T17:41:28.792747,155.733,0.4799,1733.138427734375,5044.10107421875,-103.19677734375,2,Low,0,insufficient_q_advantage
2025-12-03T17:41:29.723021,155.733,0.4954,1732.98974609375,5043.49609375,-102.961669921875,1,High,0,cooldown
2025-12-03T17:41:30.637865,155.733,0.5106,1733.296875,5043.38623046875,-102.29296875,1,High,0,cooldown
2025-12-03T17:41:31.568105,155.733,0.5261,1733.5401611328125,5041.10302734375,-100.01718139648438,0,Hold,0,hold
2025-12-03T17:41:32.478164,155.732,0.5413,1733.3048095703125,5042.79345703125,-101.87734985351562,0,Hold,0,hold
2025-12-03T17:41:33.378700,155.732,0.5563,1734.1536865234375,5038.86962890625,-97.23086547851562,1,High,1,entry_executed
2025-12-03T17:41:35.087228,155.732,0.5848,1733.3162841796875,5042.7373046875,-101.84982299804688,1,High,0,cooldown
2025-12-03T17:41:36.001603,155.732,0.6,1733.1297607421875,5044.275390625,-103.42184448242188,1,High,0,cooldown
2025-12-03T17:41:36.916641,155.732,0.6153,1733.4639892578125,5042.86962890625,-101.68661499023438,1,High,0,cooldown
2025-12-03T17:41:37.874139,155.732,0.6312,1733.537353515625,5041.77880859375,-100.6591796875,1,High,0,cooldown
2025-12-03T17:41:38.824618,155.732,0.6471,1733.806396484375,5040.890625,-99.50830078125,1,High,0,cooldown
2025-12-03T17:41:39.789827,155.732,0.6632,1731.943115234375,5047.56396484375,-108.2987060546875,1,High,0,cooldown
2025-12-03T17:41:40.726119,155.733,0.6788,1733.4061279296875,5040.7734375,-99.99508666992188,0,Hold,0,hold
2025-12-03T17:41:41.675824,155.733,0.6946,1733.8465576171875,5040.01220703125,-98.56088256835938,1,High,0,cooldown
2025-12-03T17:41:42.623962,155.734,0.7104,1732.4586181640625,5045.48193359375,-105.39041137695312,1,High,0,cooldown
2025-12-03T17:41:43.569793,155.734,0.7262,1733.4833984375,5040.7939453125,-99.765625,1,High,0,cooldown
2025-12-03T17:41:44.516597,155.734,0.7419,1733.28564453125,5042.33349609375,-101.3565673828125,0,Hold,0,hold
2025-12-03T17:41:45.482181,155.734,0.758,1732.4561767578125,5044.69287109375,-104.74893188476562,1,High,0,cooldown
2025-12-03T17:41:46.421396,155.735,0.7737,1733.768798828125,5039.73388671875,-98.3184814453125,1,High,0,cooldown
2025-12-03T17:41:47.394986,155.735,0.7899,1732.3367919921875,5046.369140625,-106.26327514648438,1,High,0,cooldown
2025-12-03T17:41:48.317669,155.739,0.8053,1733.7667236328125,5039.681640625,-98.10800170898438,1,High,0,cooldown
2025-12-03T17:41:49.242110,155.738,0.8207,1733.8016357421875,5039.5048828125,-97.91665649414062,1,High,1,entry_executed
2025-12-03T17:41:50.994977,155.739,0.8499,1733.6346435546875,5040.287109375,-98.78628540039062,0,Hold,0,hold
2025-12-03T17:41:51.969632,155.739,0.8662,1733.4766845703125,5040.310546875,-99.07937622070312,1,High,0,cooldown
2025-12-03T17:41:52.974786,155.74,0.8829,1732.5606689453125,5043.427734375,-103.17074584960938,1,High,0,cooldown
2025-12-03T17:41:53.920142,155.739,0.8987,1733.0606689453125,5042.84912109375,-101.87893676757812,1,High,0,cooldown
2025-12-03T17:41:54.864557,155.74,0.9144,1733.2249755859375,5042.83984375,-101.54617309570312,1,High,0,cooldown
2025-12-03T17:41:55.805230,155.74,0.9301,1732.9127197265625,5043.84814453125,-102.89389038085938,1,High,0,cooldown
2025-12-03T17:41:56.793648,155.74,0.9466,1732.6671142578125,5043.591796875,-103.11166381835938,1,High,0,cooldown
2025-12-03T17:41:57.720519,155.74,0.962,1733.196044921875,5041.1865234375,-100.239990234375,1,High,0,cooldown
2025-12-03T17:41:58.655640,155.74,0.9776,1732.1859130859375,5046.18310546875,-106.11190795898438,1,High,0,cooldown
2025-12-03T17:41:59.611230,155.74,0.9935,1732.8834228515625,5043.84619140625,-102.93350219726562,1,High,0,cooldown
2025-12-03T17:42:00.570506,155.74,0.0095,1732.195068359375,5043.28662109375,-103.7301025390625,1,High,0,cooldown
2025-12-03T17:42:01.492369,155.74,0.0249,1732.4364013671875,5044.06298828125,-103.89462280273438,1,High,0,cooldown
2025-12-03T17:42:02.501551,155.739,0.0417,1732.5093994140625,5044.65625,-104.43319702148438,1,High,0,cooldown
2025-12-03T17:42:03.496493,155.739,0.0583,1733.0377197265625,5042.0576171875,-101.31942749023438,1,High,0,cooldown
2025-12-03T17:42:04.463510,155.74,0.0744,1731.9886474609375,5046.0498046875,-106.39053344726562,2,Low,0,insufficient_q_advantage
2025-12-03T17:42:05.393779,155.739,0.0899,1732.138427734375,5045.08642578125,-105.4351806640625,1,High,1,entry_executed
2025-12-03T17:42:06.963582,155.739,0.1161,1732.786865234375,5042.6923828125,-102.292724609375,1,High,0,cooldown
2025-12-03T17:42:07.892333,155.74,0.1315,1733.137939453125,5040.4375,-99.755615234375,1,High,0,cooldown
2025-12-03T17:42:08.850568,155.74,0.1475,1733.069580078125,5040.52001953125,-99.9381103515625,1,High,0,cooldown
2025-12-03T17:42:09.808623,155.74,0.1635,1732.99853515625,5042.01806640625,-101.2921142578125,2,Low,0,insufficient_q_advantage
2025-12-03T17:42:10.718784,155.74,0.1786,1732.4967041015625,5043.9814453125,-103.73788452148438,2,Low,0,insufficient_q_advantage
2025-12-03T17:42:11.628683,155.74,0.1938,1733.7640380859375,5038.22021484375,-96.87765502929688,1,High,0,cooldown
2025-12-03T17:42:12.550934,155.74,0.2092,1731.8798828125,5045.337890625,-105.99267578125,1,High,0,cooldown
2025-12-03T17:42:13.461105,155.739,0.2244,1732.5281982421875,5044.1474609375,-103.92544555664062,1,High,0,cooldown
2025-12-03T17:42:14.374209,155.734,0.2396,1733.0103759765625,5044.5166015625,-103.90097045898438,1,High,0,cooldown
2025-12-03T17:42:15.279234,155.734,0.2547,1733.1197509765625,5044.90087890625,-104.00930786132812,1,High,0,cooldown
2025-12-03T17:42:16.209319,155.733,0.2702,1733.4525146484375,5042.623046875,-101.68057250976562,0,Hold,0,hold
2025-12-03T17:42:17.140795,155.733,0.2857,1733.4510498046875,5041.8818359375,-101.08724975585938,1,High,0,cooldown
2025-12-03T17:42:18.084392,155.732,0.3014,1734.1041259765625,5039.9130859375,-98.39193725585938,1,High,0,cooldown
2025-12-03T17:42:19.021939,155.733,0.317,1732.0361328125,5047.849609375,-108.5399169921875,1,High,0,cooldown
2025-12-03T17:42:19.929671,155.732,0.3322,1733.4356689453125,5043.46484375,-102.45358276367188,1,High,0,cooldown
2025-12-03T17:42:20.933921,155.732,0.3489,1731.7000732421875,5047.9775390625,-109.33383178710938,1,High,1,entry_executed
2025-12-03T17:42:22.305161,155.732,0.3718,1732.0142822265625,5048.068359375,-108.79171752929688,1,High,0,cooldown
2025-12-03T17:42:23.289680,155.732,0.3882,1732.3653564453125,5046.89794921875,-107.20156860351562,1,High,0,cooldown
2025-12-03T17:42:24.226861,155.732,0.4038,1732.2960205078125,5046.2177734375,-106.79501342773438,1,High,0,cooldown
2025-12-03T17:42:25.174953,155.732,0.4196,1733.3458251953125,5043.4267578125,-102.59921264648438,1,High,0,cooldown
2025-12-03T17:42:26.106517,155.733,0.4351,1733.5367431640625,5043.255859375,-102.04501342773438,1,High,0,cooldown
2025-12-03T17:42:27.052464,155.733,0.4509,1733.0665283203125,5044.08740234375,-103.53207397460938,2,Low,0,insufficient_q_advantage
2025-12-03T17:42:27.989786,155.739,0.4665,1732.6151123046875,5043.27880859375,-103.10952758789062,2,Low,0,insufficient_q_advantage
2025-12-03T17:42:28.930195,155.74,0.4822,1734.2099609375,5036.279296875,-94.514892578125,0,Hold,0,hold
2025-12-03T17:42:29.850299,155.739,0.4975,1732.1202392578125,5045.833984375,-106.06491088867188,2,Low,0,insufficient_q_advantage
2025-12-03T17:42:30.810305,155.739,0.5135,1731.7601318359375,5047.884765625,-108.40029907226562,1,High,0,cooldown
2025-12-03T17:42:31.725354,155.739,0.5288,1732.8790283203125,5041.6533203125,-101.30996704101562,1,High,0,cooldown
2025-12-03T17:42:32.650142,155.739,0.5442,1733.232666015625,5040.3828125,-99.654541015625,0,Hold,0,hold
2025-12-03T17:42:33.570649,155.739,0.5595,1732.3291015625,5044.689453125,-104.77001953125,1,High,0,cooldown
2025-12-03T17:42:34.519310,155.739,0.5753,1732.10107421875,5045.87255859375,-106.1466064453125,1,High,0,cooldown
2025-12-03T17:42:35.441151,155.738,0.5907,1733.1654052734375,5041.7890625,-100.96841430664062,1,High,0,cooldown
2025-12-03T17:42:36.386724,155.738,0.6064,1733.0579833984375,5042.94970703125,-102.16000366210938,1,High,1,entry_executed
2025-12-03T17:42:38.062532,155.738,0.6344,1733.43701171875,5040.60302734375,-99.5703125,0,Hold,0,hold
2025-12-03T17:42:39.021111,155.738,0.6504,1733.3951416015625,5040.68896484375,-99.76132202148438,1,High,0,cooldown
2025-12-03T17:42:40.030609,155.738,0.6672,1732.9185791015625,5042.2373046875,-101.80734252929688,1,High,0,cooldown
2025-12-03T17:42:40.998484,155.738,0.6833,1732.5032958984375,5044.98828125,-104.79708862304688,1,High,0,cooldown
2025-12-03T17:42:41.944933,155.733,0.6991,1732.8465576171875,5045.07470703125,-104.75796508789062,1,High,0,cooldown
2025-12-03T17:42:42.911096,155.732,0.7152,1733.1070556640625,5043.7119140625,-103.27572631835938,1,High,0,cooldown
2025-12-03T17:42:43.869911,155.722,0.7312,1732.5125732421875,5044.0283203125,-105.27786254882812,1,High,0,cooldown
2025-12-03T17:42:44.818006,155.723,0.747,1733.2008056640625,5040.96240234375,-101.50003051757812,1,High,0,cooldown
2025-12-03T17:42:45.747540,155.723,0.7625,1732.1485595703125,5045.48291015625,-107.09201049804688,1,High,0,cooldown
2025-12-03T17:42:46.691493,155.722,0.7782,1732.9749755859375,5041.8544921875,-102.67959594726562,0,Hold,0,hold
2025-12-03T17:42:47.603589,155.722,0.7934,1733.3609619140625,5040.07470703125,-100.49453735351562,1,High,0,cooldown
2025-12-03T17:42:48.558226,155.718,0.8093,1732.7779541015625,5041.486328125,-102.89389038085938,2,Low,0,insufficient_q_advantage
2025-12-03T17:42:49.515453,155.716,0.8253,1733.195556640625,5038.275390625,-99.4345703125,1,High,0,cooldown
2025-12-03T17:42:50.478615,155.716,0.8413,1732.37109375,5042.61669921875,-104.634033203125,1,High,0,cooldown
2025-12-03T17:42:51.449640,155.716,0.8575,1731.763671875,5045.376953125,-108.0576171875,1,High,1,entry_executed
2025-12-03T17:42:53.311608,155.717,0.8885,1732.97900390625,5040.9365234375,-102.0325927734375,1,High,0,cooldown
2025-12-03T17:42:54.279409,155.715,0.9047,1732.798095703125,5040.13427734375,-101.7786865234375,1,High,0,cooldown
2025-12-03T17:42:55.238062,155.717,0.9206,1733.062255859375,5038.8125,-100.138916015625,2,Low,0,insufficient_q_advantage
2025-12-03T17:42:56.190121,155.717,0.9365,1732.0533447265625,5043.5888671875,-106.02359008789062,1,High,0,cooldown
2025-12-03T17:42:57.122006,155.718,0.952,1734.6075439453125,5036.2490234375,-94.77328491210938,1,High,0,cooldown
2025-12-03T17:42:58.073304,155.718,0.9679,1732.9027099609375,5039.89111328125,-101.35556030273438,1,High,0,cooldown
2025-12-03T17:42:59.022206,155.72,0.9837,1732.4544677734375,5042.603515625,-104.32723999023438,1,High,0,cooldown
2025-12-03T17:42:59.992194,155.719,0.9999,1732.6812744140625,5041.865234375,-103.34957885742188,1,High,0,cooldown
2025-12-03T17:43:00.983886,155.719,0.0164,1738.133544921875,5055.1904296875,-102.641357421875,1,High,0,cooldown
2025-12-03T17:43:01.991301,155.718,0.0332,1737.9111328125,5053.9921875,-101.8251953125,1,High,0,cooldown
2025-12-03T17:43:02.970341,155.718,0.0495,1738.6475830078125,5049.95849609375,-97.22964477539062,2,Low,0,insufficient_q_advantage
